size,bedrooms,price
1000,2,200000
1500,3,300000
2000,3,400000
2500,4,500000
3000,4,600000
1720,1,263413
5203,1,727700
4673,4,646317
5362,5,736243
3081,3,444151
1097,6,285368
968,1,178153
1055,6,253292
391,3,146635
1518,6,319356
2842,1,431461
3299,3,505272
1461,4,287411
566,2,146107
2671,2,394111
605,6,222283
999,6,254186
3979,1,531362
1875,3,332863
5730,3,754281
3841,5,571159
5477,5,800074
4820,2,611570
561,1,140195
5874,3,751199
5446,2,741715
1263,3,242743
2990,2,469665
3817,5,560064
5990,3,765119
4820,1,664845
4806,3,677382
4187,3,611017
767,2,167620
1607,2,254603
1248,6,304298
4525,5,713812
4386,3,589396
715,5,210748
2592,2,382400
1558,6,337933
4755,6,678899
5840,3,798405
4050,4,603629
4493,1,568180
1013,3,219511
3685,3,530010
603,6,216102
2235,6,420225
3663,3,498470
3458,2,509785
3211,1,483682
1546,6,319810
2649,2,390649
693,3,174155
2802,1,379536
5653,3,740503
5435,4,815850
2491,1,370458
2900,2,448805
3695,4,553834
1618,1,270442
1055,3,220109
1592,4,316986
4073,6,619431
1140,6,285858
4168,1,609029
4075,4,575426
712,2,170170
3630,1,527791
5821,4,854301
4352,1,618584
4679,6,738138
3850,5,596673
2426,5,422030
964,6,265189
5991,4,775526
605,1,140832
2681,2,421386
4038,6,586864
2603,3,389006
2434,6,414698
3939,1,528482
4851,4,684847
4686,3,653164
2350,2,361959
1475,5,309662
1249,6,290973
1466,5,301476
2592,4,411116
5193,3,747672
1193,4,250229
1922,1,287010
5895,6,853816
2951,1,425597
2599,4,404445
312,5,161090
916,4,216506
5751,5,815032
313,2,123377
1502,2,251703
4100,2,556079
1412,1,246779
2107,4,348440
862,1,167198
736,1,148997
4109,5,651091
5509,5,750025
3519,1,467885
1858,3,323556
724,4,200028
5555,2,723434
4329,5,605420
2934,1,389044
1730,3,298323
4012,1,567386
4694,6,722937
3566,1,459453
5989,3,825906
3093,2,444494
2051,3,323804
3601,4,510970
4901,6,681925
4604,3,647773
3450,1,491707
1706,5,346287
5862,5,875153
902,6,252828
1184,3,221825
4404,2,582753
4449,2,621792
301,3,126916
2800,5,447119
4567,4,633299
1622,2,264662
3596,4,520801
3144,2,436516
4985,4,727846
3627,3,498129
4975,4,665699
4685,4,718770
4979,3,738699
4648,6,736558
3624,3,520740
2018,6,370062
2736,4,454587
3750,1,541555
3005,1,399062
1894,3,320895
4475,2,581369
4193,3,580467
3500,3,548850
5983,3,759507
3959,6,631606
5128,6,744773
4038,6,625792
5672,6,869344
3352,4,536034
2508,2,399946
331,2,113656
4303,5,672581
3745,1,495459
5973,2,778423
5929,5,879741
5571,6,798807
4755,3,691990
5504,3,733067
2430,3,371334
1547,2,267128
2345,5,383502
5005,5,728382
5067,1,701691
4823,2,635639
2038,4,355335
1923,2,290002
1609,2,253653
3885,5,563572
5679,6,870965
4554,6,678738
5399,6,733787
5959,5,779678
578,5,203864
2758,6,482411
1565,4,297906
1806,3,314236
2929,4,445963
4344,5,673615
4442,1,606709
4689,4,661901
3125,4,496989
3888,4,548291
413,5,178803
2621,4,403594
5678,2,730377
348,2,126256
848,2,186655
851,3,196745
1561,5,301171
3774,4,589876
2056,5,393064
559,5,191166
609,2,144757
5791,5,781981
1234,6,273321
5645,4,772977
5353,5,817384
2855,4,442028
452,2,136157
5069,1,717314
1834,6,344773
5248,2,702321
1099,3,230658
1844,3,321152
2594,5,441097
3587,6,542065
2509,5,445344
2660,5,454813
5616,1,724382
2788,4,455943
2896,3,428484
1688,2,287185
5869,5,879947
416,3,144705
3326,6,515281
2332,6,427229
3604,1,459440
1757,4,321154
1502,1,249761
4291,2,637963
404,5,167680
2097,1,311183
3857,3,581202
4722,4,670612
1643,1,250335
799,1,168516
425,4,155380
5213,2,750466
656,2,154109
3749,2,536740
1461,1,250475
1647,3,275357
5003,4,727859
3945,4,588401
3370,4,522573
3086,1,442444
4769,6,731390
3072,6,487679
1875,5,360891
2573,1,379530
955,2,195165
2400,6,438540
4607,1,579415
4209,3,628308
4113,3,625497
2966,4,445210
5736,4,775841
3982,2,599864
5916,4,776138
4918,6,754647
887,2,195285
3150,2,481369
1270,5,262107
4704,6,726136
2926,6,509338
3956,3,528790
1931,1,289466
1285,5,275996
5928,5,858454
698,3,185460
4874,5,681516
1138,3,231273
5579,4,735980
3100,3,483234
306,4,142917
4535,6,682042
4243,4,586358
2628,1,407718
3952,3,595396
3410,3,528045
629,2,147970
4916,6,682540
3346,1,489974
5757,4,762158
1753,3,325065
1275,4,275511
4815,6,702888
1408,1,241834
5323,1,737278
540,3,153131
2524,5,439154
1172,4,250116
2854,5,469092
1204,5,272720
1785,4,336090
5880,1,822032
1869,1,279051
3824,1,496375
4344,2,556686
4149,4,620790
1427,5,302927
2076,5,364744
3798,4,575267
5099,4,687609
5921,1,725338
4539,6,709028
4623,3,646107
1100,6,269286
3184,6,549865
1039,1,195534
2850,2,431366
2609,5,462379
4688,4,658188
3532,4,534068
4102,1,525720
3876,2,538130
2166,3,355335
5502,2,760640
2638,2,414404
3394,1,486232
4319,2,602098
1576,1,244620
4294,3,567195
366,1,109489
3863,1,549817
4984,6,757463
369,5,166483
1210,1,204283
4278,3,563762
1461,6,313072
3439,3,509383
1804,3,305182
5186,4,679354
2878,1,434935
2272,2,350479
5667,6,862756
1799,4,346633
4082,4,606485
1922,3,309690
3260,6,540837
4318,3,622078
3311,5,535090
2522,6,463202
1547,2,271886
2812,2,411588
3154,2,461812
5877,4,785825
5337,5,811162
682,6,222362
5256,6,802303
5350,6,812571
4807,5,699708
4909,4,706508
615,3,159122
439,5,182733
3387,6,578410
4342,5,652806
3026,2,413834
4574,4,642273
762,3,176119
1957,6,365698
1379,3,263043
2411,5,403610
1533,4,291080
5573,6,838783
2994,6,479377
765,5,226000
4978,4,727718
2766,2,420343
5131,5,746777
1967,1,311995
5610,6,832142
4215,4,635190
1969,6,373488
5904,6,829184
5105,2,743773
2848,6,483468
3542,4,499482
5065,5,771101
3393,1,497949
1607,1,265849
4453,5,687440
3214,4,490066
1664,5,324526
5737,4,767078
4982,6,744544
5725,6,871128
3104,3,450123
1490,2,252458
4533,5,670695
5507,1,759582
2266,5,409673
3571,5,580002
5143,5,765034
5603,4,732809
339,3,138448
4932,1,673749
3710,1,539349
507,6,208506
1506,2,258881
1358,5,287318
536,1,136064
5619,3,803298
684,1,149034
2188,6,402360
2425,3,367895
1494,2,261759
4016,5,608736
4661,6,730804
3127,3,469671
4189,1,609238
3715,2,515085
1531,1,232866
4212,2,619405
3623,2,497390
3871,1,524806
5221,5,738474
2133,1,328187
934,3,217280
3913,3,576938
5204,2,734759
1791,1,280572
3716,5,556273
1709,3,295305
1690,1,256194
5832,4,845025
2493,5,446692
4964,2,710360
3699,2,515994
3965,6,606856
4248,6,666492
4768,1,589547
1990,4,354621
1246,6,288725
1629,1,245197
2539,6,447741
2229,3,350549
1291,1,229780
5202,4,740884
834,6,229847
587,1,130123
5793,2,821287
856,6,231943
4260,2,571253
2959,5,504886
1218,4,268777
4150,4,623576
1073,1,206526
1637,3,308563
3946,6,637435
5439,3,725624
3251,3,461037
418,4,153285
5901,3,790257
3994,2,544525
5536,5,801535
5638,6,853619
1312,3,247995
622,1,137074
4403,4,592441
3625,3,532100
1215,5,265650
4814,5,690712
881,1,173048
2482,1,337256
5347,2,674793
311,1,97222
5793,1,794892
2829,3,460181
5085,2,734767
4383,1,604192
1051,4,243383
3409,5,533163
3184,5,498432
4917,5,755521
5459,5,774567
3072,6,476920
5135,3,662274
618,2,161457
2065,6,375147
5900,3,751481
5638,4,816687
948,1,176358
1538,3,277306
2469,2,401948
4516,3,630971
5382,5,750491
2501,6,462493
2388,1,340214
3672,5,548177
5897,1,749540
4046,1,563473
1747,4,309031
861,5,230817
2937,2,412179
3518,1,450243
5574,5,835849
4341,2,559492
5090,3,746134
1044,4,237230
5811,1,756380
1135,4,246891
1135,4,237398
2891,2,433900
3630,1,512691
1006,5,238460
5004,3,663423
5725,6,805935
3887,5,581313
2865,5,481716
3727,6,549824
1239,5,285536
4727,3,664179
5495,6,750940
5681,3,825294
2003,2,334198
4121,1,518390
303,1,102037
969,5,239250
5475,3,735165
3467,6,552951
3666,2,496977
5890,6,817765
3727,3,570720
2679,5,432204
3811,3,517739
4851,4,697199
1771,3,323065
4127,6,672670
722,4,205262
1752,5,332680
1072,2,196111
1679,1,265976
2653,1,397496
5688,5,767883
3789,4,584298
1886,4,351218
4937,1,635650
4713,5,645921
480,3,158181
603,2,158948
3761,2,520496
695,5,201087
4813,2,668471
3547,1,453397
3617,1,535865
3871,3,543331
4227,2,571913
650,5,200909
593,2,156286
2309,2,353720
4587,5,665651
4774,4,667605
2654,6,466061
4467,2,655750
342,2,122519
1299,2,247679
4598,1,660844
4168,6,598977
4707,4,660776
3067,4,503782
2905,3,426048
4403,2,622680
949,4,213124
1449,5,306365
1676,6,346960
5555,1,745864
812,5,218325
859,1,178370
602,3,161660
3250,2,444964
1103,6,278508
3725,4,544248
1244,3,253911
5748,2,770529
1372,1,231874
5257,5,727226
1565,2,271319
3528,6,582271
3347,3,465404
3081,4,458212
5277,5,711480
4909,6,750671
4350,6,666823
3462,2,498778
3651,3,533101
3573,6,572683
1660,3,276082
2840,5,467870
2142,6,409919
2399,1,338407
1298,2,234830
4198,5,663722
3506,2,505635
4295,1,547540
768,2,174707
3135,5,523706
5480,3,711513
4260,2,588742
625,4,175779
2058,5,369111
3917,2,519851
1138,6,288011
4661,5,714023
3329,6,554729
5319,1,701391
4402,1,552332
4888,2,696749
1089,4,226568
4412,2,569707
3428,3,532281
5397,2,769193
4033,6,591540
869,6,246628
4414,6,629036
1666,4,291132
3376,4,544132
5487,2,699958
1458,2,246127
4430,3,613698
2483,4,398273
5497,5,830477
2715,2,384961
5668,2,813378
3510,5,553219
2950,5,504807
3413,3,539173
3467,4,523861
1540,2,272170
3175,1,470006
1468,5,310032
2921,3,423567
1352,1,216025
2571,2,402817
2788,4,471226
2240,6,413446
1481,6,329315
4005,2,550847
5843,1,815398
1647,5,317575
4360,5,634531
3363,4,546822
956,3,219847
1115,6,273223
5325,3,683290
2176,6,418750
2743,6,480396
5295,3,779746
2775,5,431868
1971,6,364568
3585,4,517817
5824,4,833149
981,1,191101
5921,3,769896
1214,4,245353
4104,2,577794
2882,6,462535
5795,2,772447
2717,2,390658
627,5,201699
5552,2,736450
5336,3,732841
2664,1,410304
5424,1,683972
3550,4,504272
4107,2,535552
4341,2,579997
5300,2,770347
871,4,204289
4158,3,561821
4179,2,538214
777,4,213295
2461,6,443391
705,5,215155
3806,4,603353
4675,5,684486
1182,5,253501
3081,3,471819
681,1,153666
1235,2,224856
5834,6,892158
4620,5,661894
5816,1,733951
4335,4,586174
2972,1,424599
1698,1,257849
1608,1,260213
1324,1,234122
4512,3,657021
1568,4,314076
3933,5,572296
705,2,168360
2611,4,422706
1230,5,276053
1208,6,286079
749,3,185971
5172,4,739857
1757,3,325330
3785,5,614734
3336,3,475606
2204,5,408414
4472,3,677306
3820,5,557999
3884,5,619510
2749,1,425178
772,4,198024
737,2,163677
2718,3,408741
744,2,164374
784,4,214558
2783,2,408976
4467,1,562736
933,6,262006
4485,6,691829
4266,6,683901
405,6,187119
4983,6,741199
4625,5,714047
5544,5,823092
5320,2,769038
2233,5,373899
3003,2,469597
316,6,176730
2579,2,372472
4190,6,675782
3634,6,605770
549,2,149181
5427,6,763719
325,1,98456
2547,1,389791
2211,3,356294
4203,3,628566
4702,5,733576
3854,5,561694
4521,6,652268
2968,1,418616
4156,5,617226
1618,5,331960
1234,4,243881
1313,3,247127
3958,6,619074
5366,4,800895
2221,1,339627
3522,2,535028
2324,3,356297
3224,2,444902
4215,1,576392
3887,3,535064
3391,3,530995
4107,5,648787
4952,5,769625
2825,3,454634
5394,2,723071
1924,2,316731
3292,2,446992
4647,1,664727
4472,2,645473
933,1,166244
5836,6,783588
2629,6,440084
2537,1,384146
5233,4,687730
5610,1,717882
5332,3,761222
4956,6,767806
2914,6,464648
2117,1,315928
2646,3,393788
5307,3,727146
5816,6,803634
1513,6,323806
1106,5,262701
2830,4,420800
5599,4,807998
2465,5,429670
5285,1,711924
3382,6,551780
4963,4,672409
1628,4,316255
4859,4,710192
5964,3,758671
1509,4,289773
1156,1,215189
1899,5,349893
1105,5,247353
3765,3,516997
4853,3,713973
2643,5,469002
3687,3,574575
515,1,122444
1689,3,306462
958,5,250479
3433,1,454654
3877,2,551803
4652,2,616419
2293,5,406004
1594,1,247902
2843,4,423757
5892,1,726977
1596,4,320679
1943,1,309752
3629,4,510205
1823,1,282300
1293,2,247225
5656,4,775818
2358,2,341799
3480,3,504915
1859,2,313179
302,2,109348
5522,6,858055
3418,2,469768
2290,4,371625
466,5,174890
5276,3,772303
4830,6,678877
2580,1,399656
2824,5,457804
1968,6,371784
2933,3,443490
2113,4,363589
4409,2,625693
2555,5,430973
3709,3,525872
4795,1,686889
3863,3,594793
1066,6,273714
5458,1,728910
3522,6,570282
758,1,163707
2743,2,409917
3678,3,517954
2228,6,391603
2463,2,364791
4480,5,650434
448,5,178065
4186,2,579043
4706,6,662304
355,4,148654
659,1,136371
3154,5,504036
1185,5,254600
2094,5,388336
2089,2,346122
1871,6,346229
1943,3,340874
489,5,175346
823,5,230578
1926,1,293268
1342,4,263713
3069,2,459626
2242,4,384742
4996,3,737462
2490,6,421855
2531,5,444829
884,5,232576
5954,6,912268
3343,3,480554
3511,1,519859
1976,6,357059
2051,6,405050
4967,4,684709
2043,6,375302
3525,2,471657
2809,3,453650
4326,2,640850
2176,3,341040
5278,4,733646
3575,5,585877
4851,2,654119
5431,1,751516
5958,1,803242
4374,6,629848
4100,5,620911
5615,5,801895
2048,3,358177
1870,3,307078
5586,4,755676
5475,1,670100
3341,3,521327
1148,1,216232
669,3,183269
1127,3,229173
5211,4,741472
5146,4,688189
609,4,177768
1283,2,249204
5351,6,734828
2932,3,474120
5803,3,819146
1491,5,306948
1274,4,270480
5984,1,801020
2221,5,407149
1223,3,244800
4923,4,728002
1624,2,280023
4572,2,634411
2251,6,396665
3029,4,451724
3826,5,598709
2996,3,476829
5333,1,690686
2939,4,494124
732,2,158598
3210,5,535200
1344,4,279538
2476,1,361568
4260,5,628853
3532,4,505691
3910,5,584302
2514,4,392094
2901,6,501626
2026,6,397884
3181,5,502049
1033,3,221612
4312,6,662316
1739,2,284612
4343,2,621337
510,5,183514
4183,6,672697
954,3,196685
2098,5,391284
4390,3,631554
2112,3,332641
3430,3,533047
4022,5,602940
3824,3,558401
1659,5,306291
3950,4,586118
3772,1,552149
4839,1,688046
5060,3,671928
4479,4,631486
1868,4,342277
1521,4,303088
3873,1,544446
3687,6,562265
5229,2,743991
4741,1,587360
1222,3,249701
1311,4,276237
5701,6,804173
3338,6,571191
4699,3,703836
3379,5,550145
2751,1,388353
4095,5,652272
2109,6,378298
5589,3,718887
5983,6,864846
3130,1,437925
5152,1,667173
2851,4,440547
618,3,169666
4754,1,619041
3937,1,575831
1666,5,310993
5908,1,795310
4292,6,643224
590,1,141303
5566,1,733522
407,3,145239
4129,1,575672
4557,5,684676
570,1,139283
4215,3,620231
2173,6,388546
377,4,149061
553,1,133982
2501,6,446632
1002,4,242252
1141,5,259398
1078,2,195021
4242,5,609397
2696,6,442567
3482,5,522189
2099,1,306410
1652,4,297370
4272,4,658090
3544,5,518552
4976,1,675466
3801,6,593108
5615,5,852309
5236,4,740090
4787,5,718104
609,1,142817
2894,5,441405
1451,2,263612
5355,1,730222
3982,1,559876
2948,5,475511
993,2,206569
5055,6,750679
4697,3,642339
4190,3,576904
2898,3,418654
5014,2,648088
2782,4,452827
5151,4,705595
2485,4,426828
4552,6,718550
4873,2,676426
3563,6,558658
3087,1,442246
2971,1,453056
5539,4,793461
1545,3,272037
599,6,211887
1359,3,265800
360,6,182929
1130,5,273729
930,2,185569
4783,5,740712
4741,4,707080
487,6,203453
1170,5,261831
4182,6,652516
2709,6,458879
614,3,166415
5684,6,857967
5607,3,807858
4182,2,546707
986,6,260985
1059,4,228813
1248,1,204068
1488,1,252811
3341,3,523900
5762,6,797716
3070,1,451655
3306,6,559360
3564,2,483391
4203,3,625988
5408,6,823173
3198,2,456588
5061,2,662249
705,6,233173
520,5,195527
3168,2,469994
5827,6,890435
5057,5,727598
733,6,231759
3068,6,526978
424,4,162086
3662,3,521040
5624,5,775128
3491,1,490026
4782,3,682471
1392,5,283202
477,1,124767
5617,4,793165
2344,2,383002
1834,3,321453
1550,5,313008
4927,1,663770
3824,1,559875
5939,3,825328
4641,4,638633
2388,1,349948
5154,2,739135
4417,6,690012
4693,1,647124
2744,6,495515
3326,2,503479
1269,4,263919
5716,4,830435
659,1,150131
1683,1,267685
3868,4,565024
1709,5,335035
4365,6,641652
656,6,225787
4929,6,744115
2336,4,410063
4082,5,602246
2328,6,416641
3913,6,625915
3742,2,512385
3372,6,509045
5820,4,851216
5078,1,659647
327,1,103686
4031,4,601507
3018,2,422350
3531,6,548232
4212,2,610246
5955,6,864867
3333,4,513628
2881,1,436054
1288,4,264894
1779,3,295518
2329,2,356803
649,3,179544
3972,3,598939
1736,3,321427
2531,5,429182
5851,2,767962
3555,2,479639
4219,6,669199
1317,4,257130
2258,3,385703
4965,6,786034
4837,2,629927
429,2,125330
5309,1,740463
2997,2,415545
2471,4,409493
556,3,170763
396,3,142819
5714,4,791039
2674,3,409191
5014,6,772356
4984,6,762105
5182,4,763993
5224,2,754556
1215,3,252894
606,3,160520
4113,6,628001
3114,1,447129
729,5,220148
2437,5,411345
2994,1,441152
1899,4,341199
2954,3,473616
714,3,179909
4401,2,627715
5062,5,697093
2043,4,377703
4402,5,623016
2029,4,333222
5662,2,740223
2376,3,379977
2122,5,367091
1925,6,359066
392,5,176886
4889,2,679547
3015,1,432607
3489,1,469059
929,5,224079
3395,2,482475
3284,4,493232
2141,1,336767
2807,4,474134
5987,4,815642
4986,1,693749
3587,6,594771
5828,1,735239
2629,1,380818
942,3,214688
1768,6,339578
3320,4,538381
5078,5,763573
3524,1,506053
3370,2,457495
1612,4,322651
4488,5,672309
1343,6,293428
2216,6,407376
4817,5,727850
5397,4,777916
5082,4,720057
782,1,169316
4743,4,629996
1420,1,230170
1494,2,276067
1989,6,375479
5785,1,734343
1526,1,251587
1293,3,257920
4469,6,655284
3844,6,596533
517,2,140774
1784,5,329328
1344,1,237494
437,5,179561
3283,2,478212
362,3,139160
5850,5,828303
5280,2,720120
1329,2,246761
1366,6,297897
4303,4,604988
712,6,234189
4494,4,662302
2505,3,394830
4194,6,684035
3979,2,570105
2470,1,342485
4210,4,613428
3648,3,546732
4941,4,653540
3116,4,501070
3001,3,465205
4674,4,668058
1338,2,239194
3413,3,512123
1300,6,300383
4363,5,640718
3347,5,512525
3948,5,568553
3804,6,596019
5222,5,752187
3119,6,497188
4370,1,591446
3024,3,429641
3704,3,576059
955,6,255730
1457,6,330757
2343,4,381827
1449,4,290820
1959,2,296535
4999,6,791129
457,2,130355
2034,4,373100
3781,3,528739
5337,3,776084
2881,1,401190
4333,5,645066
3490,4,521493
5161,5,743478
1724,2,268268
5834,5,823819
5147,6,716040
3816,6,623694
2333,6,425213
2923,6,487951
4527,5,627649
5059,2,681008
5717,3,753582
1762,4,311555
5556,1,697510
4323,3,622533
3711,4,517902
2281,3,394524
2440,3,407981
3400,6,563589
3563,1,502476
5746,4,837308
1839,1,304946
1879,6,382145
3674,4,571378
2027,2,323189
1917,1,308576
3402,3,475268
489,1,129224
922,3,217534
2891,3,441393
5412,3,758153
1114,5,262495
3132,5,530215
1091,3,217704
3680,5,572176
2045,6,373735
5938,4,814705
903,5,238725
1272,2,236278
351,5,173000
2962,2,460690
752,6,220155
5007,1,714503
3512,6,578190
3231,5,480809
2844,4,449812
4583,5,646366
5669,5,762983
5690,5,817480
4951,2,679191
4480,5,674958
4203,1,572604
741,4,194834
4006,4,631800
1977,6,360193
2724,4,441087
5138,4,733473
1457,6,328342
947,6,249450
2276,2,356702
4023,6,602947
4709,6,683005
2453,6,425103
5986,4,889619
4976,5,714445
5500,6,758022
2910,5,457245
3678,4,512514
4967,2,665811
1624,4,292199
4492,5,663685
3909,6,586910
2412,4,425611
1615,4,298261
2182,6,409584
3281,5,534912
1446,2,236751
4060,5,579576
5381,3,736488
5111,6,789096
2651,4,410688
5775,1,725445
4019,1,584163
5575,1,774574
1468,1,231629
4289,3,607545
4554,1,564202
1219,3,247452
2261,6,392827
3715,1,523549
5959,3,849579
2555,1,366969
4153,5,650308
2601,3,394508
2041,2,337195
4484,2,600026
2618,4,406773
5155,4,688875
843,4,223114
1757,3,318714
3696,2,532493
1007,1,188503
5499,1,772469
4414,3,602539
2166,5,377432
2210,4,352147
3396,2,478543
2574,6,431874
5110,4,740054
1091,2,201707
4744,2,601008
2733,4,423120
4244,4,643331
2692,5,419433
5909,1,788980
1799,4,338829
4194,3,583953
5569,3,773723
912,4,223507
2277,3,347156
2971,5,454547
5469,4,762287
5888,5,859999
2434,4,402989
4504,4,611042
2562,3,394357
1946,1,296565
4526,6,668365
4561,5,649772
5137,1,671971
947,2,186862
5968,2,831362
5341,4,722066
893,1,162562
521,5,185087
667,5,197031
1309,6,285896
3848,6,626197
1434,6,327847
493,3,154716
2120,2,350364
4330,2,596433
5658,3,771412
1005,1,198792
2404,5,436817
3537,3,501142
1074,4,233468
5484,1,772758
2168,5,386074
4593,6,738695
4719,4,715844
5791,2,748527
802,6,227750
402,5,170974
5659,4,783310
1335,4,278614
487,6,189945
4729,4,661331
5735,2,800993
1464,1,222867
5411,2,739559
4219,3,623998
2499,6,452232
2174,2,336031
642,1,139067
4017,3,546442
2814,6,482058
5792,3,782715
4518,6,673967
2164,5,401918
2330,2,362250
2372,3,365176
1698,5,347126
575,5,194198
2984,5,510977
5168,5,740299
1367,2,236398
3699,3,530402
4672,3,609118
605,5,196962
4873,6,702545
943,5,240219
1064,6,267742
5760,2,813112
3110,6,512952
3988,5,620438
1290,1,234227
2014,5,367376
1231,4,245056
5467,6,806366
988,3,204474
2622,6,450786
757,5,218348
1624,1,276851
4101,3,616576
5257,3,762407
4833,3,642458
5121,6,705503
4546,1,567909
5900,6,841359
4775,6,690887
5372,6,775036
1169,4,260973
1113,4,243123
1253,3,234287
4710,2,644451
1213,1,224837
1070,6,270581
811,2,166113
2680,4,420936
3291,4,514091
2727,4,448072
963,2,202365
3843,5,623969
2359,2,352087
2015,5,361362
1335,5,281254
4722,4,663473
2586,6,442224
4463,3,605766
4676,4,635535
2686,3,440147
5439,5,806290
783,5,225071
5030,4,755033
4054,4,563677
1077,1,196943
3123,3,483356
1897,2,310400
1841,2,320793
3735,4,572166
1753,6,351755
2439,5,391979
5864,2,780158
4401,2,587098
3311,5,545493
2546,1,355354
1175,1,216221
2329,6,422397
1117,5,270647
4161,1,540735
1826,4,325211
635,4,195679
4748,2,643482
4539,6,637577
4036,1,564263
5250,4,685908
4074,2,574726
5200,5,758647
3590,2,530879
1314,3,244041
5143,3,737937
1968,6,373183
3098,1,416035
5872,5,814513
396,3,148741
1419,5,309326
2302,1,322291
1321,2,224076
2912,2,439541
713,5,211881
5887,5,823930
3046,4,470494
1976,4,358647
4079,1,564686
5539,1,770034
5148,6,783605
2961,4,478598
5199,1,741970
2758,2,422608
2926,6,475106
909,2,177925
902,5,224333
5988,2,783213
3093,1,435546
4033,2,598491
3015,6,475498
823,5,214371
1791,1,283299
784,2,180947
554,4,182140
2951,2,458480
3660,4,548563
401,2,126592
954,4,234326
5516,5,733773
1837,6,359389
4777,5,721521
488,6,190624
2511,2,381998
746,6,222264
4064,3,612009
2331,3,364991
5019,4,667581
4945,2,669322
2818,4,474011
5738,1,733234
4911,6,704120
3769,1,501958
3923,3,588944
2093,3,356923
5673,6,846264
2361,6,418291
1160,6,265568
3741,6,555599
3591,5,572636
5262,1,742116
989,1,174228
345,1,102816
620,3,160191
2996,3,441174
3698,4,558900
3127,6,527811
2921,1,439662
1603,5,315292
3205,4,511378
3854,3,570347
710,5,218937
5905,1,758927
4867,4,743669
1523,4,300515
5710,4,811084
1348,1,215445
4434,3,664408
2201,3,382088
5695,3,788760
1120,3,242112
3319,4,530051
641,5,198585
3882,1,526777
4681,1,627446
3028,6,524567
1242,6,292640
5278,2,671041
3328,2,499759
5235,1,694674
1411,2,263594
389,5,176268
5942,6,901693
529,2,142604
3851,2,539892
5927,5,823507
4785,5,699551
4605,6,711245
3291,6,514220
741,2,161783
3724,1,507394
2329,5,416717
373,6,177631
2754,1,370181
1995,4,345151
3034,4,479515
4618,1,650048
4823,2,635489
4553,3,685526
1686,4,307187
1111,5,244868
1050,3,230700
4748,3,644679
3959,5,558613
2576,2,364658
5521,5,781117
5357,3,792746
4610,4,631303
662,4,184556
4066,1,589705
1964,3,343908
1087,3,224983
3815,4,554725
2167,1,327315
3791,1,524309
2606,1,353280
1811,1,275063
2586,5,427202
876,1,162962
3288,5,535685
5609,2,734865
2432,6,416031
3389,6,548752
3680,2,501673
1944,3,312631
2674,6,465309
1150,5,258269
5494,5,840692
5298,2,730847
584,5,198731
5550,4,796911
4304,3,578178
3441,3,481005
797,1,168375
5857,5,831740
1573,1,264244
1092,3,220966
1852,2,302882
3437,6,516959
2411,4,415541
4667,5,652865
3128,5,490213
3242,6,557660
1028,2,196227
4883,3,647663
2178,4,370364
1788,4,339076
4840,2,682918
4478,2,571714
1660,3,278309
3188,4,508661
3382,3,496424
3553,3,507471
3766,2,505379
2513,3,383702
4460,1,567117
604,1,138646
1581,2,278103
2847,6,505442
5842,1,808115
4119,4,582374
2072,3,352870
3707,6,563824
1090,1,186973
4199,2,604464
5640,1,787460
1262,1,219975
1403,6,319105
3783,3,520838
3867,3,581327
347,4,154342
3167,1,473515
1208,5,282498
435,1,118846
1428,5,289119
3638,1,526323
3007,2,459219
1698,3,279028
1887,3,334731
2204,6,408511
5044,4,674905
2449,6,432256
3794,2,505338
3832,5,558792
5048,3,747089
5253,6,719825
667,5,210345
4103,3,558420
1001,2,201819
5378,3,693855
4135,1,589864
5467,2,698701
4507,3,655393
3410,3,500787
5264,5,710839
2055,1,330701
776,3,178141
3496,2,469087
3793,3,544819
5057,5,770013
1030,3,216571
5481,5,823939
2555,4,424402
2139,4,348161
5094,5,712012
4503,2,648575
3371,3,492068
2251,5,383304
754,1,149156
5030,1,654089
442,2,127750
3252,1,448468
660,4,195044
4047,5,602097
4526,6,667011
1481,6,332567
3907,6,613381
1583,1,249394
4311,5,642136
5378,4,781184
2539,2,368190
5517,6,852180
2296,3,350212
343,2,120258
4873,5,692734
5540,2,691801
2753,2,423882
3521,6,584603
2281,3,368617
1673,3,290097
813,1,156074
982,5,229815
1576,5,300073
5500,6,840709
1205,6,276182
3715,4,585617
2122,4,360395
3998,4,621756
2856,4,454476
4251,4,645967
2418,1,365785
5290,3,757022
2071,6,392916
868,4,220596
1314,1,214999
4124,4,582614
2577,1,366365
3409,5,549458
5625,1,786077
5822,3,790575
2289,1,351251
2026,2,302421
5121,6,744160
3257,4,493451
5081,3,685515
5244,2,695012
4184,5,629877
3607,2,529502
579,3,163697
5561,1,723561
3794,1,516728
659,3,169774
1214,4,241649
2148,2,350978
1526,5,308372
5136,4,759638
1465,5,290949
1705,6,355565
2826,5,442773
4099,2,570957
2704,5,457657
2764,5,466606
5737,2,719041
3783,1,480015
2451,6,413459
3660,1,497901
5423,5,758503
3490,2,493952
2675,6,451524
1323,1,220290
2852,6,482480
4319,3,573946
3950,2,556686
4201,3,583449
1943,6,394189
3162,1,412558
4361,4,626175
5621,5,811919
3468,2,468430
2294,1,350448
1058,4,229275
4555,6,726780
2513,2,408282
4107,4,616796
4095,4,643694
1382,4,278778
4630,1,662677
4096,6,610412
3413,5,504653
2709,3,393177
5539,6,756784
3086,6,484861
4314,3,611993
1841,3,328813
381,2,123471
1775,1,258030
1948,3,327245
1020,6,251560
4122,1,573803
1056,4,231756
1193,6,290258
462,1,116616
2748,4,447769
1523,2,264133
1930,4,347579
5909,1,817344
5270,5,800931
1350,1,219892
2526,3,383381
557,1,135973
1249,4,263293
477,2,139651
5716,4,817485
5806,3,845590
3182,5,501686
3786,6,624643
5082,2,670349
5431,5,781585
2710,5,434805
3569,1,506195
5831,5,769016
1414,6,304891
2088,5,393106
1457,2,263656
2882,6,507009
4007,4,567503
4186,1,562131
1151,3,219569
446,5,186202
4915,6,730524
4880,5,695806
5065,2,656300
963,4,221981
3054,4,469011
1867,5,329460
2767,2,389762
4168,4,615573
5146,4,762601
1114,3,234246
5344,6,734854
3185,4,518851
3219,6,497873
4176,1,607418
512,6,195430
4350,3,631033
5675,2,751762
710,4,184768
4105,4,609550
3972,1,503890
5101,5,782443
1074,4,251416
1669,6,351522
954,2,192301
1659,3,291782
4370,3,648741
3758,3,584517
3656,5,577829
2612,6,456868
2350,5,393836
5138,5,733919
1411,5,289877
5678,3,740766
1900,6,352995
4986,4,680895
3805,3,545393
2584,6,467615
1248,3,256194
1675,2,273282
1642,5,318876
895,1,167163
5958,5,784565
309,6,174608
5691,6,786160
5009,1,629452
3828,6,581774
5530,6,757623
3933,1,517653
902,6,254650
1137,3,231503
1653,6,351378
4982,5,721328
838,3,197349
1723,1,259709
5931,4,855432
1866,6,367015
2161,3,339386
485,5,186611
870,4,208488
3757,3,547729
4934,5,695418
699,5,200288
4187,1,548201
6000,3,781613
2637,2,425523
1117,4,241175
1030,2,201458
4372,4,592106
1977,1,288190
3745,2,526455
2286,2,356345
2200,4,393122
5839,6,840178
2295,4,400484
3654,3,564307
1218,1,213733
2755,1,371697
3184,4,482912
3280,6,530843
2546,1,379443
1297,3,260310
3565,1,494711
4182,1,535328
3056,2,454292
1569,2,262401
1906,3,333558
2364,6,415805
5848,6,803532
3182,2,445951
2163,2,336170
5903,3,834935
2742,6,453990
3865,6,608410
3574,5,573402
4534,5,645899
2153,3,372697
5978,2,819232
5779,1,735451
5984,1,743684
3629,1,525380
4900,2,663298
3674,3,567560
552,4,185222
4953,5,669029
325,6,176170
771,6,232776
3789,4,531253
2138,2,312822
2034,1,329965
1361,6,297300
3879,1,560711
2853,3,460890
4514,4,681514
439,5,184266
850,1,176677
2524,1,342169
1980,6,396877
4517,4,643115
4180,6,604125
4488,1,566759
2799,6,500376
4987,3,733786
4353,4,641755
3667,4,562006
1431,1,232641
2315,6,393460
5793,4,749798
5071,1,654110
1432,3,256996
2119,1,334928
2223,4,379275
3745,6,612660
1701,5,327390
1179,2,210159
4803,5,712301
3438,3,507558
5996,6,920675
3950,6,655182
527,4,181848
1868,1,269165
2811,2,396513
5033,5,722450
4078,4,585427
5299,1,687831
3884,1,531322
580,6,212748
2963,1,423695
5696,5,811689
805,2,174260
4183,2,584186
1998,4,356335
1168,6,270071
1670,3,276223
4081,5,611347
1479,3,287233
3901,3,572351
4381,4,678384
1411,4,271521
3792,3,563143
646,1,150757
5837,4,811882
5339,3,789763
2204,5,389068
5225,4,727527
3707,6,621281
3311,2,455982
5685,2,738709
2960,4,491420
5952,1,778069
4156,5,656974
3592,5,567515
3894,6,601960
2484,6,441906
3270,2,494187
3813,1,483677
3981,5,586074
5060,5,713998
5473,3,714062
4367,3,647589
957,3,217253
4686,1,625176
2329,3,377158
4359,4,599626
3313,2,445198
5900,2,787091
5548,3,746850
3919,3,574072
1407,1,251161
1214,4,267789
5382,6,813191
5516,3,719083
5548,6,807082
340,6,179385
3114,6,486745
1760,1,267020
5523,5,827906
1223,6,278490
2888,3,444920
1123,3,225748
2873,3,459287
2803,3,440454
1324,5,290007
4892,2,665875
5052,1,695416
2976,3,482416
2920,4,438714
5013,2,674275
3672,1,472094
5974,2,822504
2924,2,402649
3992,2,533039
5957,6,845543
5572,5,820308
3871,4,556805
690,4,182387
2371,5,394943
4211,3,613683
4090,2,551221
5999,1,829752
3538,2,473926
1474,5,314086
433,4,162612
1560,5,294288
2795,1,373836
4235,4,607664
3380,1,449098
3236,4,516309
3537,5,554433
4216,5,619710
4344,2,572662
4519,2,611098
2660,5,459306
1902,2,292398
3953,1,579480
440,4,166917
4672,5,694760
5164,5,751692
2175,5,393710
5389,4,791507
4644,1,608896
4130,5,634456
3412,2,499338
4124,4,630754
5507,1,715763
1081,1,192881
2916,2,435414
2489,1,372471
4741,2,619666
3382,6,558898
5208,4,727511
5094,5,750831
5276,3,756203
1784,3,288176
3370,3,533711
5035,4,668364
5015,4,760440
406,3,139527
4587,1,573404
1518,6,308055
1386,3,267725
2880,6,500496
1657,1,256573
5531,3,711075
678,4,195086
1119,2,200941
1369,1,212820
1039,5,241802
1135,2,228474
2251,1,335005
2801,6,498291
2732,3,407585
1566,5,314367
2711,1,414628
4308,5,661636
5443,2,731485
3544,4,525310
4291,1,600472
3137,3,455831
2401,2,351248
5604,3,721221
5310,1,650717
1034,1,195553
3117,1,445876
2922,1,415354
2749,2,420756
5475,4,815979
1311,4,251189
819,1,160716
5044,5,681305
3692,4,533218
3682,5,549494
5119,4,710505
3705,5,546453
3578,1,485792
5239,1,649357
2726,6,447425
4268,2,554891
2018,3,315596
949,3,199116
5846,2,759787
1265,5,280831
5683,6,845743
1033,3,223020
303,2,123215
3539,2,520173
1114,4,246506
4613,3,686909
2246,1,335328
2163,4,348965
972,2,183437
2625,4,445342
5004,1,688263
2702,3,448554
3914,4,606558
5966,6,819523
3566,3,492119
3969,1,575270
5586,2,744072
5137,6,779662
3756,5,584156
680,2,168001
2090,1,303398
5485,6,784645
5885,2,789292
626,1,145743
2896,1,396245
3726,3,512107
2932,1,425090
4701,4,710358
4027,4,578113
2739,5,447182
766,2,177521
344,4,156719
2893,5,463488
1275,4,268946
3434,5,515319
5587,4,794973
2607,4,449622
1839,6,340168
1784,1,285691
3963,4,594032
3123,1,468166
2919,5,455868
3098,3,489664
5132,3,749531
1806,6,373184
4724,5,669328
5212,3,701009
885,1,171148
3088,2,417617
2639,1,410328
2993,4,496685
3415,5,512031
636,5,195903
680,6,219093
1419,5,301563
5550,4,813068
3551,1,526438
4629,3,689163
3433,5,564452
3010,2,421603
3141,3,506050
806,3,193659
1489,4,298186
905,1,180299
3989,4,573948
2532,2,362744
1611,4,311951
5247,2,704734
1286,2,244835
3903,2,572394
542,5,192397
5770,5,769033
2521,4,409748
1523,6,339865
3796,1,538221
4048,3,583350
2778,4,431336
5821,6,859234
4425,4,627126
1927,3,314910
5482,3,779486
3772,6,573516
4691,4,693306
4851,4,727867
2030,1,291626
3883,5,582685
2466,1,355456
2900,6,503013
1251,2,218216
5185,6,755418
431,1,124126
5098,2,696578
5157,6,799363
4228,4,590587
4096,4,577834
2109,1,324920
1240,5,281213
1771,3,315453
527,5,191438
3364,4,490543
1982,3,333269
5007,4,740073
4999,6,773410
2572,4,433404
2220,2,368991
5622,3,822406
2451,1,362507
3609,2,511399
371,6,188709
2638,2,370770
1886,6,346940
4430,3,600066
4930,3,684017
4306,4,652332
3087,2,440500
3612,1,537099
4676,6,717544
3516,5,563744
1701,3,301347
5401,5,752194
5907,5,874119
2468,1,363372
5920,5,783279
724,6,221252
4177,4,600961
5970,1,745189
2181,5,384705
401,6,195286
5868,2,746342
1597,6,319225
1346,3,268997
4150,4,579822
2410,2,373784
1747,2,283818
845,5,215135
3706,4,589914
5684,5,763185
3666,3,562264
1228,4,247207
1857,4,318425
744,2,163481
4221,2,565662
522,5,195986
2724,2,428535
623,4,184423
5239,6,761167
736,5,217989
4736,3,701708
1266,4,267085
3958,5,579169
1118,6,260988
676,6,230394
5204,1,717386
5895,2,813966
4881,2,711147
4496,1,575378
1324,2,242017
4127,3,610329
2654,1,366167
3009,2,420651
5520,2,720735
888,1,175217
1641,3,292580
2173,2,364710
978,6,249765
977,1,193554
2771,3,420084
5845,1,751517
2633,3,426662
1996,1,309610
3170,5,530932
1128,5,246442
2008,1,328738
4969,1,654649
4892,2,662267
5645,3,804731
3142,4,503910
5598,1,710216
3093,5,514108
369,3,135627
4649,4,675942
1327,5,297994
5556,5,739319
3499,2,484382
772,5,210113
1125,2,211033
2526,1,394617
5459,4,709252
1558,5,303940
734,3,179059
2508,1,356613
5940,5,878292
946,6,253263
1032,1,192228
3846,6,624718
743,6,237498
5828,3,788020
5705,2,733495
2154,1,325179
1438,3,270919
1124,2,218756
4926,5,697808
4062,2,594474
1075,3,230725
672,5,213696
1770,4,311321
1091,6,264195
910,5,226402
1551,5,318023
2606,5,425397
2419,4,398670
3630,6,577351
516,2,136695
2797,5,488241
3838,4,576054
307,1,108189
3750,2,531806
3232,3,465526
3812,1,562091
1724,2,283158
592,3,174798
1627,3,297674
1009,1,196580
853,5,229779
5676,4,800701
3972,1,568265
3667,3,570048
5322,5,766982
1417,1,225173
3607,3,534285
3395,6,517792
4657,2,677768
610,4,173398
3866,5,600780
4870,5,750806
653,4,189327
2743,4,448952
4031,2,540428
1035,4,242477
3787,1,551430
580,6,210984
2239,5,407857
2530,5,431174
4068,1,522412
1615,1,269907
5671,5,832257
3650,5,559511
2432,2,366391
4608,6,715843
2164,1,331837
654,1,148648
1888,3,324694
4659,5,710333
436,5,185449
5156,6,726341
3279,1,432884
1440,6,321812
5877,2,776937
4144,3,584811
5334,1,720378
3368,1,439895
824,2,189533
3850,6,625558
5902,4,762597
4145,2,569284
4822,2,683350
2178,2,339784
5510,2,687984
3317,5,538348
429,6,189320
4039,5,576436
4209,2,609412
2891,4,453911
2613,2,391936
5770,1,720651
5519,2,741670
2046,1,305769
1602,5,325396
3359,6,578649
4658,6,698719
915,3,198848
686,5,197354
1259,3,255662
2426,3,402213
5015,3,681821
4218,3,589838
2329,4,387874
3680,2,559922
5733,5,794890
5612,4,804833
787,3,197865
2492,4,433201
4330,6,665111
4368,1,552713
3900,2,526823
4152,2,588499
2781,2,387267
1353,3,267238
904,3,197204
5179,2,734006
684,3,179799
1843,3,312098
3092,3,453090
4118,6,642798
4970,4,686696
1469,6,307817
2219,2,354608
5772,1,775449
671,6,228240
4448,1,593327
2305,2,375044
3888,3,557750
2082,1,336455
4058,6,634944
3327,5,520879
3184,4,494489
5305,4,740913
4832,5,660613
1711,6,330488
5242,3,727350
835,4,219536
1719,2,300302
4582,4,637242
3416,5,515723
4817,6,730755
2965,2,418083
3856,2,577263
3125,2,430558
4306,4,633308
5207,6,763658
1381,3,272449
4822,5,693468
5179,6,747802
4142,4,601932
1732,1,285961
560,4,185435
489,6,195036
5799,3,791593
1510,5,289972
4586,4,678032
305,2,119813
1548,4,303499
4500,6,669875
5757,4,754828
5053,6,707493
4892,5,721417
5313,1,671147
2500,6,439183
5987,5,865748
935,1,167638
3807,4,537511
3964,6,580150
1763,6,336500
4230,3,596775
5373,3,775210
5580,4,763410
5213,3,764778
421,1,122988
5523,3,795565
5332,1,737706
2459,6,418845
1093,3,218184
2616,6,481336
2880,2,396500
2756,4,417544
389,2,134394
3137,3,484449
4155,1,543813
4899,4,700083
5785,1,729948
3736,5,564150
3747,3,539292
1509,1,253161
2144,2,359577
5574,4,727982
5266,3,745388
5902,2,754122
1213,5,256488
2374,4,368727
3034,2,436133
5459,1,713492
5030,5,709358
5052,2,717711
1177,5,275390
2452,1,335539
1760,3,325010
1374,3,257299
4563,6,640972
4868,5,738266
436,1,114360
687,2,167343
2159,5,404154
5300,4,729780
3070,1,435275
5563,1,780732
1380,6,303704
5439,5,807291
1090,4,247663
3297,6,509673
1458,3,262675
5253,5,734029
2946,4,445048
2316,1,347346
5978,1,759739
4743,4,671320
3976,5,586456
4827,3,629943
3033,2,432649
5062,6,759760
1577,6,347933
2367,2,381633
1993,4,347851
5679,6,830038
3129,3,448249
4058,3,621764
4824,5,731713
1360,2,241135
3978,5,614191
1147,4,249372
5757,4,810723
2635,5,457318
2465,1,338647
703,6,217259
4332,3,659763
2253,4,373168
1291,6,291696
5616,2,739941
2323,2,340563
1500,4,304545
1849,1,306173
4755,1,627387
2220,2,331752
3402,4,503371
3979,3,574303
321,4,143146
1207,6,282368
4849,6,768688
5280,4,744830
3076,5,464043
3245,4,508496
1936,2,320711
1643,6,351398
2811,1,379417
602,6,208668
418,6,190888
4559,2,638984
5288,2,722960
2014,2,332756
1060,5,263758
3383,2,505735
1525,3,290556
2151,1,343207
3154,2,453742
1960,1,293417
1637,3,274919
3457,2,460170
3888,1,511163
4104,5,660692
1246,3,236166
3057,6,478445
4928,5,708412
2473,5,422881
934,1,166782
5212,4,757334
3287,3,469872
5921,3,776445
1009,1,178839
916,5,223477
990,2,198587
3457,3,481702
2826,5,459459
3895,3,527831
2544,4,435820
2626,6,465151
1046,4,221588
5117,2,720578
4574,6,683681
1633,2,260427
4987,4,748454
1670,5,323858
2749,5,473025
4097,2,594139
823,5,220245
4670,4,649159
4276,5,639439
3698,1,484568
1250,1,226382
2731,1,417281
4204,2,546009
1158,6,274738
5877,1,815634
2704,6,458420
5054,4,751111
1058,5,261720
1271,6,307940
722,1,151471
4994,1,667033
2971,6,480878
5120,6,751227
2307,4,399267
4920,4,672321
3160,2,468208
1427,3,266606
3374,2,500383
759,2,169871
2111,1,299145
4312,3,657726
4247,6,625993
2720,1,386604
5177,3,715557
5560,3,746183
2597,3,409100
902,6,236932
1905,6,386040
390,5,169901
2297,4,386572
358,4,146107
1414,3,257213
949,3,217401
2441,4,402400
1310,6,298947
5825,2,754426
3364,4,499290
5777,2,724329
431,3,151405
3797,5,616284
3696,1,482996
1355,5,304576
1881,4,323060
3610,2,541791
3694,1,528013
4927,1,662341
2697,5,419860
4354,6,697708
5570,5,739067
1688,6,352215
5553,6,853801
5841,2,791539
5321,5,764444
3369,1,462360
4111,2,577985
3706,4,521515
3428,2,479844
2415,3,360641
5729,6,829406
2784,2,434534
790,1,162777
4227,3,587939
1256,5,290007
2256,6,393663
723,1,143230
3779,3,533729
3199,3,472400
2928,2,445680
3422,4,529274
5485,2,705440
5737,5,811542
3353,1,439374
2723,5,459819
1868,5,340887
3482,4,507586
851,1,168565
2670,6,439848
4144,1,528059
4418,6,713919
2999,6,512400
1071,6,254352
603,5,203328
3058,1,430155
2991,3,455092
4647,2,629194
5567,4,813359
1870,3,306407
2928,6,467249
1222,2,233852
3483,6,535394
3863,6,572560
4842,1,632796
612,3,159184
3373,3,497397
5522,5,812662
3134,1,437772
2608,2,380994
2880,4,480185
4408,5,674897
2152,3,370325
3536,2,502866
4789,4,708871
5434,3,715939
5479,3,755478
718,6,224553
5828,5,838988
1836,4,333021
5991,1,735165
4860,1,677069
5310,2,732653
5937,1,777776
3495,2,510534
2002,3,357555
3939,6,594082
5177,2,731154
4692,1,585444
4873,2,639409
312,1,109383
3772,5,584214
705,1,139221
5886,3,811031
4547,1,612587
2125,6,376159
3581,5,542039
1472,1,230216
673,2,164058
762,4,192773
2478,2,391838
5697,5,789892
5260,1,708255
2261,2,376729
4477,2,622236
5317,3,688222
1973,5,368994
1584,1,241105
4488,1,635350
2802,6,496428
339,5,166051
4252,6,658331
606,4,183405
3928,5,600802
4455,5,636260
1866,5,346211
3684,3,505925
4686,4,714359
853,5,226557
5236,5,744982
3143,1,412447
4783,2,607029
1823,1,280839
1776,6,351214
4496,6,678219
5833,5,822770
5872,1,770765
853,2,193297
4688,3,615092
3431,6,586592
2878,3,464940
829,1,163045
2133,5,370105
4881,1,643410
2371,5,389482
717,4,187952
3979,5,603038
4828,6,759278
3347,3,532747
3911,5,561375
2627,1,352770
4646,5,708279
492,4,170547
3214,5,506479
1053,4,242631
4909,4,666900
5836,1,818966
4829,1,633966
2326,5,413240
3864,4,573173
392,5,169859
1660,6,349347
912,5,233732
5499,6,757127
2455,1,372674
2122,1,326177
2152,6,378277
4642,4,642181
5032,3,736741
4850,3,671769
5979,6,877189
2887,6,481616
5484,6,805975
5247,5,755212
1193,4,244829
3618,6,544422
1025,1,186750
5335,5,719299
2264,3,359221
507,3,149244
4211,3,643033
4205,2,613429
2731,3,402948
1265,6,304074
2702,6,446523
3721,4,587742
3372,1,457413
1228,6,287743
1551,4,307285
2905,3,428908
1721,2,291187
2239,4,366987
2251,3,390009
5048,2,666902
4370,6,653474
749,5,209794
1603,5,312635
4211,6,623249
1292,6,308868
2329,3,365141
4635,1,595567
1378,1,245733
5989,4,813952
3612,3,523222
663,5,199466
3221,4,481908
638,4,193485
1539,5,317061
3234,5,535850
4549,6,671019
5706,3,765145
2492,4,381215
2498,4,418543
3807,2,517390
3569,4,506437
1349,2,241485
3034,3,465032
1102,6,260340
3564,3,489709
2753,2,394287
2474,2,381149
401,5,174437
3774,1,480584
4490,1,566648
5780,1,802108
5343,5,820573
421,4,161965
2584,1,353838
3645,5,600306
5137,3,696366
5331,5,721896
2386,6,442256
4734,4,696464
4238,1,532195
2122,2,321738
1239,5,264484
905,1,178819
3881,3,597358
1889,3,308449
3364,6,516106
2926,5,478663
3999,2,522608
3536,2,527979
1634,2,286910
4875,2,637607
812,2,187457
770,5,210234
4140,4,638100
1316,3,251593
1653,2,272893
4393,5,645779
2655,4,444744
5400,2,690981
3802,4,545330
5426,2,728570
5029,4,725290
3847,3,581329
1313,3,268412
896,6,245572
1762,6,356027
4877,3,692907
2132,3,340553
5370,2,755332
975,4,226661
986,3,222362
1009,1,173146
1806,3,291747
833,1,157329
2336,4,405180
3774,1,531775
2834,1,397674
2921,1,413974
2496,5,408732
2904,6,486797
3756,3,573641
3805,5,575543
5198,3,753832
1640,1,257022
5841,1,813497
5220,6,728178
1107,4,236564
5921,4,769400
4503,1,583468
4287,2,630382
3277,4,514254
2257,6,432793
4450,3,598055
5898,2,840353
4509,6,635417
1406,3,257965
5407,4,779643
3841,5,614904
311,3,133167
328,1,109601
1167,4,237964
3106,4,484747
4959,6,724402
5256,6,744703
3977,6,657364
4047,3,565082
975,6,253888
840,4,205569
5368,6,774178
320,2,111541
900,2,177231
3539,4,549676
3329,3,480974
5017,5,696396
2158,6,412706
4932,2,652350
5323,2,680823
4109,4,587318
5623,5,822046
4315,1,591084
1993,4,346961
1818,1,297228
1947,1,286191
450,5,175031
4439,3,616203
5081,3,709495
4242,6,675226
5577,2,784889
5780,5,788271
5646,1,717883
2299,5,405976
4491,1,577739
2066,6,389601
2711,2,381013
4459,2,637254
817,4,219877
4983,5,690432
4142,6,676115
1325,2,228184
1341,3,246634
1043,3,216763
2121,2,327740
1956,1,287087
683,3,170771
2333,5,383012
324,6,175294
4405,5,675866
4343,4,621500
2202,6,396978
312,6,173351
4608,6,650936
1184,4,262615
2661,3,430353
1148,4,238385
5478,2,764628
850,2,181218
311,3,133150
5146,4,749346
1188,4,258596
796,6,226270
5638,6,831873
414,1,118508
3206,5,541813
2662,5,434834
4169,1,595315
1872,5,370233
3394,1,452246
2597,2,367760
448,6,187052
2663,4,421645
2012,1,298925
3512,5,544819
608,4,174923
2527,6,422379
4192,4,586769
1453,2,258687
387,2,130573
2551,4,404853
2891,6,469921
4603,1,600155
2359,1,369135
3245,1,471054
5284,1,726730
5523,3,713534
479,5,175815
3039,6,524168
5752,1,794641
5045,6,774742
3405,1,466773
4389,2,563573
1812,1,273561
1298,6,280092
5705,1,714481
372,1,111989
2560,6,432281
1351,1,242029
2425,3,384727
4216,1,533535
3581,3,524840
2386,3,392712
4516,2,668520
2142,5,379555
1824,2,318015
2125,2,358430
4410,2,591635
1859,3,330168
3357,1,440729
3158,2,458159
784,2,181579
3989,1,530313
4584,6,682751
2367,6,418024
3384,2,478330
582,4,186958
321,2,117104
560,4,181123
5387,2,714001
2983,3,450387
2149,6,419348
5606,4,764132
2092,1,305297
3464,4,532097
2058,5,379852
4551,5,715349
4013,3,539582
1822,6,375392
4765,4,682738
2296,3,373912
1391,4,264461
633,1,150786
840,1,161445
5417,2,761790
951,5,243261
2938,6,511164
5615,1,728470
1205,5,280822
1682,6,328621
1518,2,252244
5180,1,666537
5121,6,741717
3385,5,508573
2530,5,421044
5221,4,714976
5956,6,816991
3748,5,570449
2199,1,335549
3402,5,529918
422,5,180267
658,2,153620
1247,1,208543
3187,5,533758
630,2,157055
5869,3,832405
2820,3,439063
4684,3,660285
5485,4,750100
795,6,238759
4145,6,624477
4768,3,632085
4832,3,673683
3022,1,413597
1171,4,240700
850,3,201193
1020,6,254346
3060,3,437173
5836,3,834804
2369,4,377930
2903,4,445892
1883,4,329486
780,1,164566
4385,1,566153
1855,5,341096
4038,6,641709
4451,2,571746
2356,5,431507
5109,4,686203
2276,4,378703
2612,6,429032
4177,3,582310
2836,3,408973
3798,2,505899
3699,5,537694
4052,3,578389
2621,3,429283
2778,1,385364
5490,1,766467
3960,5,592621
4916,5,708655
4042,4,634533
3441,3,495920
2372,6,415453
1467,5,290979
5181,6,720328
2902,3,466471
602,3,175378
5306,6,732804
2233,1,346241
656,6,217418
4467,5,654873
5195,6,759699
4486,4,662065
3225,6,532216
1242,2,231674
1381,5,280971
1629,3,286842
5826,4,782371
1985,1,281767
5817,1,709325
4037,1,563960
4771,6,707954
881,3,195123
1339,5,289552
2329,3,387662
3592,1,522953
4421,5,695928
4055,5,644665
323,5,166231
3659,2,486115
4423,4,600299
3103,5,480582
552,5,189535
2602,4,393564
2192,2,354692
1528,4,301963
431,3,148651
5939,2,824592
5702,3,798809
3210,5,516627
4850,3,631274
5688,4,831532
4013,3,599352
2363,6,403378
575,2,146568
2751,6,491478
2758,2,403379
3317,4,512157
619,5,208058
1697,5,318512
2638,2,416541
2853,2,428023
4699,3,696232
4226,2,553026
1182,4,247664
2596,5,429914
2244,2,333530
2452,4,430043
438,6,193705
3838,1,492668
1761,1,277722
5081,6,746821
2683,6,480139
1992,4,370076
1710,1,264907
2540,2,377613
2856,3,463278
1533,4,275588
1091,6,265137
1226,4,270843
2778,2,397327
3201,5,539274
676,1,150847
3861,1,521849
2943,5,457079
2568,2,397746
3065,4,488877
5176,6,727457
4537,1,574555
4859,1,646000
5234,1,646741
2213,1,322986
4802,2,631140
1777,1,274982
5422,1,716125
5249,5,717551
537,5,197728
1473,3,288854
2290,2,331050
2270,2,348915
5269,2,714988
5859,5,848313
3660,4,510519
4943,1,659845
5601,6,755973
2824,2,409198
2981,4,496931
4189,5,636791
1775,3,310028
2285,3,375713
2093,1,304541
1924,6,378253
2481,4,415662
3318,2,494075
5224,1,691991
504,5,186521
970,5,231254
3766,5,614043
2786,5,465723
4130,1,555657
2180,6,409717
3880,6,577141
1228,5,275253
2320,5,386226
3207,1,418160
2653,3,436423
4459,3,602536
2469,5,394671
4506,6,640334
4757,4,693528
4845,5,667523
5768,2,727108
2960,1,432444
2651,1,371939
5098,3,752055
2833,4,434403
1069,6,267516
960,3,208394
4977,6,702273
473,2,144348
5681,5,827670
4584,5,650427
4481,2,646706
5203,2,673635
3571,3,505240
1308,1,235212
4030,3,563848
4225,2,595718
2558,4,434909
1298,6,283663
1579,6,323466
424,3,152068
424,6,184142
4515,4,613889
2328,4,374502
5576,1,714978
5553,3,768983
1660,2,279689
3652,2,521908
5489,2,731845
1708,6,363839
4638,5,677670
3089,1,418488
1658,1,254036
2805,1,412588
4765,1,646273
4164,5,636329
5096,1,665930
1494,4,283439
929,1,183726
3949,5,585960
5238,4,714558
2283,4,384358
786,1,150867
695,5,200921
3483,3,530036
2528,5,438831
4637,1,620495
2693,6,490323
2597,4,421136
4377,1,565898
3274,3,505166
5674,4,736755
2391,5,390304
1294,5,273776
721,3,188210
5307,2,682946
661,5,203477
4622,1,629470
806,5,214625
4311,1,556945
773,5,214339
4736,1,607935
4313,3,625637
3971,1,557799
3824,5,599531
5105,4,679250
5245,3,670225
2912,3,426312
1426,4,283531
3759,4,565764
1830,2,292789
3703,6,582877
2668,6,467193
5612,2,729831
3987,6,643577
1039,1,176189
1690,2,297549
5429,2,710262
5480,1,707061
3071,4,486823
4076,2,607254
5990,3,805893
3787,5,560491
564,6,210908
5004,2,678371
1729,6,339453
3955,5,611798
4528,3,611196
3564,2,530595
1046,6,260237
2363,5,400725
3639,4,558340
2759,2,415108
2201,4,361458
5040,2,705826
3170,3,470261
3130,3,451310
962,6,263862
1966,3,324050
2562,4,424482
1323,1,222650
4233,5,651745
1328,5,271102
2141,3,339095
1534,4,311879
3150,4,467188
2817,3,427477
2831,1,373928
4118,6,612077
2278,6,410470
603,5,197106
2158,1,301028
1187,2,219286
3422,4,542226
3535,1,522038
3609,1,522969
2834,6,463350
322,1,100552
4549,6,727302
5062,2,682526
4059,3,622895
5356,6,780242
5143,1,655737
2806,6,472087
5177,1,718881
5578,6,779653
2845,2,432785
2071,4,374478
2095,6,381552
3001,3,469255
4478,2,644751
668,1,141940
2508,1,371870
2635,4,399367
1382,2,241203
1781,5,326998
3236,1,422111
3564,6,541707
2019,2,342375
1418,2,261414
5993,2,858035
3272,1,459577
5258,4,707406
1805,3,309559
4513,3,630329
1367,4,272024
4464,4,641733
1594,4,316893
715,1,144779
4557,2,641993
5283,4,715199
4871,1,681575
5537,3,784211
2880,1,382971
648,6,227757
5687,2,773873
5975,1,750628
5720,2,707898
720,3,183814
3207,4,484252
4306,4,641553
5814,1,767996
4029,2,576887
3399,6,511807
5036,1,641378
4805,6,685982
5600,4,792852
3395,2,518851
1307,4,277205
472,4,163090
2576,3,400065
1927,4,334197
5474,2,707013
5339,4,721929
3610,6,558396
354,4,150329
2431,2,376086
5682,4,792383
3490,4,555141
5578,3,821557
5585,5,816847
5141,6,784776
2867,1,419956
4414,2,569378
3316,5,500406
1457,1,247426
5656,4,781347
2352,3,392593
4192,2,598734
4336,3,588704
1408,2,264019
497,2,148203
3642,1,513722
4842,1,676669
3351,5,539151
2960,4,442337
3065,4,482587
4408,4,647017
398,3,148519
5193,5,752348
4914,2,673974
846,1,170967
3099,3,435901
3586,2,473667
2343,3,395794
2204,6,409012
2549,2,369913
5968,5,782965
1612,2,255968
2989,2,428509
5272,5,769874
3090,4,509125
5456,4,731323
4904,5,722502
4263,2,559492
3901,1,549210
4323,2,634804
2701,6,489231
566,3,161225
3356,1,496378
1362,5,273568
532,6,195844
1681,2,285202
442,2,128546
330,3,138966
3275,1,480411
4030,5,593935
795,4,207275
1106,5,244451
5315,4,753935
4366,5,617774
2356,1,369707
4333,5,647446
4958,5,701508
603,6,221176
5535,1,702064
2342,2,334794
1116,6,264341
4250,2,568512
5732,4,795593
4882,1,681062
2126,5,402424
2313,1,353435
3320,4,495215
1580,5,324030
4176,3,578902
4418,1,627941
3260,5,529088
996,1,186388
2324,3,366698
4010,4,587312
2184,5,376005
5488,4,726243
2470,4,429228
1531,6,326438
2474,1,371513
4076,2,586830
2342,6,419521
2860,4,451351
4895,6,765518
5905,6,893985
3100,3,473652
4061,4,611626
1411,5,286000
767,6,243283
5726,1,731391
4938,4,705865
2075,2,350997
3882,6,643716
4476,4,662168
3160,2,426328
1933,6,360183
1279,2,220374
553,5,189716
3487,4,504791
3939,4,574886
5907,1,774994
521,4,180466
5755,6,779563
452,4,162705
1139,1,187731
2945,2,437080
4536,5,672843
3994,1,507418
4353,5,608502
536,3,153930
4843,1,669316
1955,5,376771
514,6,205695
2039,6,380928
522,3,152210
2962,3,474849
4005,3,588149
5040,4,685276
5927,6,898552
4629,2,606784
5020,4,698494
337,4,152339
714,2,163033
5903,3,765146
1694,3,300466
3669,6,597949
1416,3,266702
3942,1,534124
3654,5,562498
1108,5,256526
2773,3,414761
2306,5,385015
1554,1,236781
5136,2,656790
2658,2,375981
1584,6,339032
2783,4,422592
2664,1,364584
5258,6,765158
1410,2,259050
5607,2,730964
5500,6,842163
3486,5,572980
3418,1,508544
3720,3,564647
5304,4,727146
2270,6,403442
2799,6,479997
3411,3,517970
1379,5,273427
2416,6,449866
1308,2,253514
2698,4,407242
1559,1,245064
4885,1,614674
1478,6,319386
2749,3,398726
3875,2,537994
5830,4,773334
3434,6,518569
3412,4,540808
3797,1,483505
4943,2,698900
4654,5,666721
3674,1,471178
4450,4,618797
4269,2,623469
3733,2,567143
1668,6,333851
1479,5,300106
4380,2,570653
5175,6,710817
892,3,206973
618,1,134089
1240,2,228768
4998,4,752567
1186,6,272470
3467,4,555502
783,1,147707
3123,4,482442
3021,6,523704
1046,1,199443
4741,3,664220
1554,6,324129
4992,2,642130
4734,2,673632
2792,5,462575
373,3,133147
1518,4,307224
1935,3,319906
3984,1,512708
5330,1,668602
5714,3,810847
2019,6,381027
5453,2,779073
627,4,188829
5507,4,811055
4132,4,599130
1134,6,263281
2850,4,481851
870,1,157923
776,1,159620
4788,1,638844
2586,6,447772
5663,5,855294
5320,2,700683
3798,3,512922
1568,1,247154
5661,2,757812
1448,4,272202
1185,4,261292
3447,2,516569
2999,2,432081
1148,2,215979
2263,5,376103
3015,3,472502
5155,4,707471
1378,5,286212
2057,3,360361
4817,2,693935
1311,1,221158
4669,1,610171
2845,4,480839
5119,5,755631
5815,1,767530
4668,6,692485
3021,3,484674
4055,4,583520
2603,2,386989
2537,2,369001
2834,4,425731
869,4,223311
1335,5,288838
4024,5,638485
3124,1,437883
4033,6,596212
404,3,149574
4747,2,607107
3959,4,606606
1960,4,352765
5626,5,809077
610,2,152437
5648,4,747128
4467,5,652930
4983,4,660681
421,3,144729
1919,5,358243
1690,5,326972
1615,5,323587
5491,5,814012
5782,2,830586
2135,6,397963
5978,6,905353
3420,2,473389
2615,6,430136
3254,5,544266
4374,2,603591
3875,3,524689
5651,1,704243
4886,1,646138
2164,2,344533
4773,5,734632
3384,4,508364
3447,4,523850
4187,2,554939
5747,6,783019
3764,5,539071
5017,6,726119
6000,3,822697
4965,2,684890
4878,2,675928
3176,3,493488
810,1,150581
1640,2,276739
3030,2,440963
3847,5,555738
4111,2,579032
4362,4,648245
2171,4,390506
4498,4,655762
5028,6,701053
4908,3,636833
856,4,204548
302,6,176569
3139,3,447305
3440,4,499921
1157,2,215688
2352,4,372445
3501,4,497132
4359,5,668758
5228,5,750049
2789,1,407608
1314,2,225174
2522,2,400565
5762,6,804374
1553,6,338799
724,3,178059
553,3,157275
4834,6,726101
4633,4,686152
5128,6,782679
1808,2,298611
2284,1,357568
5602,5,751828
2090,5,379881
2741,4,465717
5602,4,770281
848,5,236872
4702,6,712381
2256,5,386155
4674,3,689611
1698,3,280639
3559,6,544890
2694,6,437575
1675,6,357814
1730,2,286838
2789,1,416886
5059,1,656190
2296,4,385737
5466,6,797239
5609,1,683673
1854,5,354338
2517,3,417605
5003,6,739363
2748,1,402799
5275,3,695649
1193,2,238130
2084,5,398292
2999,4,493235
5930,3,806283
3420,4,528951
4976,1,666058
4162,4,607072
5282,1,688828
4665,5,731440
2070,4,368774
2904,4,433110
4558,1,587393
3167,2,447548
5691,6,792066
2661,3,430182
3459,6,535287
4177,4,584621
2888,4,448288
3945,1,556308
4024,2,542797
5627,1,746912
4608,3,609261
2492,6,433898
1507,6,327031
5703,1,796585
660,6,221789
4501,5,639378
5511,6,839598
5172,3,694336
2007,5,386385
4185,3,639457
2389,1,346907
5120,4,758284
3527,3,519470
784,5,212584
3371,1,463694
875,3,211149
4302,3,578553
4444,2,629199
2173,3,363281
3819,5,592098
1673,1,277183
4957,4,751792
5738,3,784894
5138,6,765294
2574,4,392285
3779,6,554724
5925,2,809835
5475,6,850459
391,2,127215
2840,3,405746
314,6,173314
4840,3,641591
1557,4,303654
1941,4,332559
5084,3,754828
951,5,234542
5668,3,819438
1976,3,347533
1501,1,262143
2213,4,385347
4310,6,700942
2597,3,425721
2160,1,319604
966,2,201922
925,4,208962
3253,2,440634
2839,6,457572
5988,2,790299
1180,3,244749
2778,3,411469
4910,5,685947
4567,2,656067
2478,6,423106
4029,3,535826
4916,2,648478
3014,1,423363
4365,2,611035
3593,1,515657
2324,3,371651
2158,2,335905
2177,3,339276
4266,6,665173
634,1,139835
1815,3,296233
3590,6,570262
3583,3,539447
5853,3,824207
3532,6,529655
4766,4,714955
1749,4,324110
2968,2,460920
2898,6,474950
5798,4,798645
5381,3,733926
5800,1,743846
3678,2,510346
3635,3,529436
4901,5,683879
1897,6,377292
1470,4,294723
2439,1,346472
5732,5,761725
3835,4,552460
2596,2,375537
3757,5,583702
4955,5,706910
5621,2,708772
4318,5,681892
1021,4,236034
3442,3,493155
5442,5,829020
5749,1,733345
4809,2,697719
878,2,188587
4160,3,585889
5490,2,717309
4550,4,681096
5212,2,695262
3168,2,464474
1260,3,256901
2368,6,400541
2511,4,396079
5677,5,751590
1749,6,339803
2262,4,402148
5718,2,762073
4457,6,651620
3040,5,502690
4955,5,697063
573,6,202048
5657,1,703555
5974,6,876007
2337,4,382673
730,6,218022
1561,4,292937
2614,5,446901
5765,1,788789
2564,4,402483
1246,5,284715
645,5,207167
1205,2,220242
530,2,147374
2028,6,398822
1478,4,280800
4014,2,573658
2044,1,326614
591,2,149265
3328,5,549688
4283,2,589710
1272,3,254076
1553,4,291843
3910,2,517186
5483,3,802654
4041,5,586263
4271,2,600024
802,3,197802
2587,4,435679
789,5,219537
1686,6,340299
5154,1,660001
5793,5,801691
3986,4,613845
2178,3,350562
2807,4,466453
5229,1,703647
665,6,211569
358,4,157162
4215,4,601415
5728,1,809428
3180,6,552414
437,4,167447
1535,1,263808
5937,5,847808
2552,3,404277
2749,4,436329
5315,3,730735
1781,3,301492
3535,3,548234
636,3,167244
4611,6,715828
2647,1,369014
789,5,226128
4305,2,565932
4447,1,604093
2912,6,501555
1355,1,232138
5295,6,787427
5142,1,725049
4477,3,611187
4327,2,631638
4137,2,558866
4118,5,616529
5704,4,840844
854,2,174915
3426,2,456493
2273,1,332240
2800,2,412897
4941,4,707846
5606,1,733296
2523,1,371030
788,5,229698
3812,5,618081
1113,5,244240
5909,6,817445
2324,3,368167
1528,4,304167
5813,3,748497
2516,2,392152
3402,4,530450
2789,4,421064
4803,4,661675
5634,4,794401
307,4,152320
3544,3,546922
3374,2,472161
3110,5,487199
3811,4,570561
2603,5,412504
2989,6,470215
1132,3,224319
1806,4,330204
560,1,130295
386,4,153685
2697,4,437655
4787,5,683522
2121,3,330486
1085,3,224362
1419,5,280457
3229,5,531736
3833,1,564023
3129,3,452356
3725,6,550684
3952,2,550660
1032,4,228339
1696,6,350859
2150,5,389740
467,2,139063
1890,1,269820
3544,4,502810
1676,3,282275
1629,2,291431
1214,6,274566
4046,6,632191
618,3,164841
3999,3,588381
672,6,227334
438,1,119159
3116,6,546194
3864,4,550195
4119,1,560912
4023,4,559711
886,5,221646
2215,5,406214
2496,1,359046
2648,5,434717
1986,3,327062
491,4,164248
4699,4,643197
5053,1,682768
3256,5,505727
5033,4,682755
5495,3,774751
3748,6,559956
2560,5,409674
4576,6,681227
5067,6,763088
3307,6,520550
4383,5,693812
4660,4,648953
3320,1,469115
4888,5,697924
1273,6,296213
3227,2,463567
3588,6,551483
1262,5,276732
5741,4,826076
5179,1,725458
5598,5,848309
1725,2,301206
2294,1,351941
532,5,196902
4906,6,682035
4610,4,634489
883,1,174087
3475,6,571211
2680,1,358436
2154,6,374152
5609,4,827766
3936,1,555157
2027,2,308453
2091,6,394302
715,5,212733
1748,6,333723
4053,4,635418
1477,5,311821
4167,2,569161
1798,1,268115
2396,6,414773
1925,2,294348
4021,1,537067
3657,2,487470
2331,1,342264
2817,5,476503
4178,2,549459
3996,3,564149
1585,4,287035
2404,6,432526
757,5,216488
3973,5,572814
5307,6,730683
1481,3,275641
2561,3,387396
5249,6,730495
2248,1,357210
3360,5,504447
542,5,186931
693,1,155351
5619,6,840200
465,5,188156
5554,4,774555
5087,3,700423
3058,3,446691
4747,2,690595
4614,1,595461
5560,2,773965
5630,5,810726
1869,3,318840
5335,3,746843
4603,5,653309
5468,4,779023
4701,1,634262
1075,3,224705
1566,3,269410
2478,3,413940
4686,2,599759
955,4,222049
2516,3,408005
5567,5,847228
4461,6,659910
2920,2,453043
4829,1,605893
5621,4,767159
4584,2,652992
4145,2,610349
1227,2,230163
3767,4,560473
1037,1,201250
2647,5,420835
1825,4,333046
916,6,261714
1627,6,322580
2851,5,446109
5100,4,737768
2458,6,445555
4453,4,628983
4518,3,625624
5841,1,819251
1376,3,249945
1567,5,300342
1214,1,214058
5906,3,800491
353,3,138367
2588,3,418130
366,2,121540
350,6,178244
5863,3,810345
5513,4,751507
1426,4,280892
5474,4,718683
4985,5,673846
1823,4,333721
2955,1,414600
794,4,198767
3374,4,533607
351,6,180723
1323,1,221682
1019,4,225275
5656,2,765870
4903,1,700927
3205,6,504257
5244,1,687694
4756,3,665246
3029,4,468273
4388,5,677364
1151,4,236053
1464,3,277022
3043,6,497596
3239,1,443569
3133,3,461760
5599,4,800728
1035,2,206175
1004,5,234238
3306,5,496153
3579,6,547715
3817,1,499294
3927,4,617455
1775,2,309608
2334,6,439244
1185,6,282232
2602,1,351959
1336,4,284078
610,6,206737
3649,6,600309
4746,2,650511
2007,1,323675
5668,6,812375
3673,2,511237
2344,1,372509
1545,1,250129
1894,3,337908
3077,3,473363
4503,6,675790
2139,6,376240
2123,3,351653
1082,5,267222
5882,6,799524
5854,1,716187
2411,1,373187
2947,3,432927
2512,4,387625
5961,4,837138
984,4,236818
5431,2,755136
2411,4,400654
4275,3,603103
895,6,242789
3726,3,580071
4689,2,656571
2670,5,474207
475,5,184031
3054,5,466461
4707,2,596914
3581,1,493712
3639,1,493201
2550,3,388009
3146,3,455021
2553,1,346240
926,4,227145
1038,2,209892
5636,1,756238
3421,1,496303
5712,3,759753
2887,3,421477
1717,4,307558
1347,4,271235
2006,3,349358
2652,4,449833
2951,1,408965
5711,5,861997
5999,2,827323
4635,3,618237
3546,2,534924
4773,5,689079
5228,2,730788
4682,5,705940
5429,3,719810
3021,2,436926
945,3,221335
5298,5,748717
2601,3,379989
5987,2,817605
1287,4,250541
4812,6,764414
5584,5,777877
5790,1,813046
4558,1,591534
4790,4,696845
1684,3,298601
4992,2,631710
3158,2,468767
2723,5,441588
2842,4,436377
717,5,209402
3373,2,514808
2880,3,425338
1955,6,355901
2965,3,481124
1107,3,220404
3578,6,607187
3560,4,566189
2827,2,410654
4920,4,659555
5903,5,813372
5090,3,730368
1511,4,294526
3875,3,537913
2457,2,368629
702,6,233397
858,3,191314
5257,2,670779
5071,5,705029
5441,6,848904
5925,3,866360
2982,5,506294
439,6,197276
3729,5,605319
3385,5,532054
414,3,137442
3374,4,520674
5752,2,731659
4391,1,580533
4862,3,666650
4359,5,627691
4471,6,690003
1823,6,339780
3559,5,553296
5133,4,742703
3254,6,497783
1332,3,259669
1918,3,311817
5619,1,790753
4881,2,645469
2893,1,425764
2256,6,427528
2421,6,447278
3727,4,521534
3308,6,548009
4151,3,606483
1393,3,262294
4139,2,535123
1801,4,308346
2736,2,428711
857,1,178426
1722,3,285632
5985,2,850620
2612,1,401614
5483,1,718963
4668,1,611095
4564,5,646077
1762,1,272467
5106,4,757742
5274,4,757714
4862,2,670016
3821,3,572891
2859,5,455898
3450,1,492012
3558,3,504070
462,3,146225
623,2,151981
3676,2,520468
2481,3,386151
5650,3,817704
1530,2,247879
2711,4,449037
3623,5,561803
1133,6,268496
327,5,157329
5374,1,693032
981,5,254210
2181,6,411777
4552,3,653203
461,1,117673
4542,2,639822
3358,2,490468
4886,1,629763
4277,5,676598
3775,2,558550
5069,6,787214
3493,2,462484
1340,5,293372
3824,5,572630
809,6,236836
4256,3,590284
5977,1,834574
4668,1,582339
2286,5,414016
3003,1,450449
1239,2,232439
5825,2,720116
1263,2,243698
3889,6,580037
3162,2,465559
3642,4,541758
2962,1,395608
341,3,136082
5635,4,772063
1765,6,367028
1895,1,279608
5468,3,758702
1192,1,216090
567,3,162476
2548,4,397841
365,4,149402
4341,2,565029
562,6,213454
1211,4,253837
4687,1,610358
3334,4,491717
5680,1,777183
2562,1,360638
1544,6,326469
3569,5,551841
4943,6,698346
3964,1,536305
1974,3,342193
4174,6,611941
4126,2,567077
703,2,171935
2263,1,352023
4696,3,642649
3281,5,533794
618,4,190394
4490,6,645187
2741,3,409925
2094,6,410236
1904,1,311166
5328,1,695676
3944,2,560367
3801,1,486579
1135,1,188084
2191,4,393001
3330,4,509626
4297,1,592488
3251,2,480694
582,5,189730
570,2,154328
3380,1,503875
1423,3,257415
4369,2,594257
4349,6,667909
876,1,169201
3997,2,545536
4441,2,579353
5557,2,714363
929,6,260589
2590,1,367474
2867,4,472589
513,5,183430
5514,6,846458
1411,1,237705
5672,5,774920
4413,4,624375
1066,3,220194
2036,3,320591
2272,2,358276
4040,1,547992
5392,2,731003
4423,5,668340
1525,2,265047
5458,6,815971
3303,2,465330
5611,6,769039
3386,2,499385
4857,1,639978
5620,6,771294
4537,1,633912
1894,5,347258
1772,5,344556
4385,5,608893
342,5,166256
3923,4,599495
985,4,221561
577,6,211482
4954,6,699163
989,4,222606
5293,1,719569
2440,2,356006
1340,4,281836
1935,4,326413
1995,5,372745
3059,4,466517
715,6,230548
5457,2,693501
411,2,129212
933,2,203766
1029,1,183384
4050,6,617921
4266,6,690066
2298,6,412346
5426,6,737185
2151,5,364255
4124,1,536848
2965,3,482079
1742,6,344623
4304,3,620451
3988,5,576432
3882,4,551053
1103,2,199698
692,4,191163
2543,4,436516
4071,1,520447
693,6,215467
1018,2,203319
5538,6,784548
4231,5,617965
2901,3,473136
3729,3,580266
4877,4,663980
5374,5,812765
2806,3,430231
1524,5,302206
2403,3,398775
737,6,237341
5563,1,782878
5428,5,732993
3532,1,503634
590,1,143815
4213,4,577623
5053,1,658876
3302,5,542006
4652,4,632437
3040,4,457778
2104,3,327875
3305,3,489242
4123,2,535953
1823,1,302909
5449,5,756658
1602,1,259386
4600,3,639782
2998,2,442764
4062,5,616290
4362,5,669326
5342,2,740700
2693,1,397602
5951,1,815880
3327,2,475405
2460,6,455915
5622,5,746177
2840,6,471165
3369,5,521074
2793,4,462424
2763,2,396142
4780,2,672252
4987,6,765381
3805,2,533516
5105,4,764419
4933,1,609597
358,5,163067
2230,6,425433
1220,4,258761
4260,3,564113
1800,3,295019
5986,1,842626
3207,5,529213
4655,2,656768
5692,2,740135
2334,4,412974
2148,2,329850
3954,3,581465
3355,5,513971
2781,5,446065
3819,6,593258
1523,3,275574
3135,4,456797
1072,6,254399
4618,2,652234
1216,4,264735
2608,6,458631
966,6,267215
2776,1,391689
1911,3,316902
4328,3,630992
1966,4,329501
851,2,172770
5830,4,764281
2314,4,399447
893,4,205939
5994,3,794927
4579,2,595744
970,5,238042
4633,3,665795
2774,4,448856
2644,4,411572
3854,5,573830
4847,5,712200
4092,3,570519
2513,1,390266
1537,6,316848
5448,1,739971
3240,6,524965
1171,6,267267
2246,3,384522
4540,1,584576
1383,1,221178
1193,1,205560
2760,2,401900
5749,4,822369
729,3,185892
3421,3,514762
2813,2,409615
2639,1,405052
1456,1,240158
3006,2,421838
2106,2,324568
1355,1,235987
1409,3,248817
4754,3,702714
5910,6,877047
3381,6,534959
5507,3,793864
5873,3,827809
852,1,169019
5636,5,812359
3423,6,561582
2157,6,418919
3135,1,458519
1038,3,218464
4799,1,655324
5137,3,729135
4120,5,624981
4768,6,689091
1263,6,292230
2080,4,351271
5709,6,811588
5038,3,722207
5381,4,722368
2239,1,353674
2932,5,506382
2031,2,339112
4284,1,570321
4117,6,602385
2022,5,388390
5357,2,705431
5224,5,771047
4385,5,671098
1861,6,351452
2191,2,346723
2801,2,404858
2422,4,377227
5792,5,808201
3183,6,489440
1461,4,272921
4832,2,691127
1161,4,245335
4454,4,688079
2916,4,453308
602,3,172643
5894,2,837821
4846,3,626167
5921,3,829957
2340,5,387750
2222,2,332437
4751,2,656053
5166,1,673260
3424,1,510005
5227,5,751451
2332,4,392282
2608,5,448130
3588,5,529354
2358,6,400739
379,2,126993
4466,5,689262
2173,6,383381
801,3,188768
565,1,136286
5876,3,759128
4202,5,665508
1129,5,270998
5532,1,717813
5748,3,838409
2929,6,473747
1982,3,350208
725,4,189287
1726,2,298983
2178,5,383493
2448,2,347786
984,2,200069
4509,3,652037
859,3,207671
957,3,218028
5871,5,839233
5462,4,808646
2614,4,437748
1319,1,214505
5288,4,787489
5226,2,748384
363,4,151851
1371,1,227544
2785,2,411895
1301,2,239425
471,5,183221
4600,1,608823
2454,1,337435
4783,6,732675
3709,3,514907
3474,4,539763
3034,6,519053
618,4,185302
537,1,125140
652,6,220322
4428,2,632374
1285,4,274455
5553,3,748172
819,1,156056
2033,1,307577
3104,5,483279
4854,5,714216
1691,3,316515
5373,3,745862
3293,5,551638
836,5,226761
3207,5,479571
3014,3,430883
1983,6,375941
5186,3,711583
3679,6,589698
1077,5,258760
1029,1,196132
3820,1,551901
1603,1,254118
4813,3,666912
477,4,171018
3245,5,510761
590,4,172598
5499,6,834386
437,6,192094
828,3,186049
3170,1,478798
1187,4,241155
2017,6,387122
4020,5,631305
333,1,109421
3133,5,480744
2537,5,430609
4202,1,595647
1928,3,346290
4589,2,643675
3755,2,570625
1719,4,325210
4704,4,648969
4193,6,673218
4386,5,683886
3262,4,525539
2970,4,440027
1858,6,378945
5601,1,749316
4664,4,664520
3824,3,545069
5784,3,806184
5779,5,776323
5998,6,909072
4127,2,577951
926,5,246901
1246,1,199711
2496,4,392452
4886,5,727845
866,6,233867
3778,6,632545
3272,6,508324
4490,6,655135
2210,4,374334
1670,4,300643
1949,4,322442
4778,1,608233
3112,4,477859
2885,6,493673
3359,6,553638
4342,6,674442
4734,4,639899
3688,5,557773
3893,2,584365
1877,3,318201
931,1,164838
1039,3,224277
776,1,166030
5559,5,798190
5646,6,854695
3208,1,462329
5719,1,732972
1811,1,280598
1073,6,265088
315,4,141234
3620,2,500103
4689,4,638148
4284,2,637216
1669,1,268108
5414,3,732970
1805,3,301485
1546,4,308927
5191,5,727689
1481,1,236884
607,3,158914
992,2,204968
4965,2,667993
3390,4,519374
4435,4,640878
445,1,125355
5257,4,731148
2653,2,395556
4185,4,621893
5498,1,744394
3821,4,536163
538,6,210472
2061,2,341260
4402,1,614847
2177,4,352537
1228,5,257254
4116,6,652446
817,3,198798
323,4,143867
5842,3,755223
5074,5,748627
5980,1,821111
4708,6,714918
2718,5,465224
2165,5,382216
1982,1,308301
3010,2,450154
316,1,103898
2103,2,323238
2473,3,408356
1900,5,360643
5526,3,784050
1337,6,309543
3919,3,564526
5391,1,727948
4134,3,587951
1965,2,308674
4360,4,604152
3397,2,476812
5617,3,726468
4731,3,703322
1177,4,241893
2847,4,431195
3998,5,578788
5617,5,796313
5201,4,750047
1203,4,243555
5555,5,840338
4556,4,649152
1047,4,233865
2108,4,367528
4141,4,647041
5184,4,686315
1169,2,232763
3467,4,501592
3864,2,566061
5522,6,826440
3348,5,549803
3818,6,587230
3056,6,519236
4465,4,660563
3322,5,492618
5570,5,759045
5966,4,849449
2892,6,478590
1691,4,295201
3655,4,533484
5870,2,774954
1548,6,337538
4947,4,677550
4662,3,686298
1059,2,217547
5869,6,902180
673,4,191650
4087,2,550619
5205,5,711768
3411,6,526347
5685,3,828160
5055,2,724863
1407,3,250867
2660,3,436794
5368,5,741730
525,1,129851
3482,1,458095
5335,3,719426
2018,2,335809
2319,3,395523
2608,6,478996
787,2,183581
543,2,144976
5914,3,837212
4101,6,648694
2630,4,412955
443,2,139892
832,6,249556
1078,6,280419
1925,6,354088
558,4,168742
5296,4,798341
5133,5,769997
5760,1,785957
2081,6,387908
4842,5,755336
2208,6,390633
2388,6,411027
1386,4,273563
2925,4,473629
1231,5,265865
5790,5,868448
3085,1,458114
3745,3,567082
667,2,163365
5430,1,715734
5593,3,754199
1536,4,307876
386,6,193205
5280,5,723339
2588,1,351148
836,4,212197
1858,5,343607
2797,2,386185
4338,1,611657
4179,1,594020
4930,3,669595
3787,3,568760
3985,5,639460
3947,3,557973
1827,1,297101
935,2,200477
5855,4,797683
5811,2,832879
4366,5,616461
4131,2,584036
4580,5,677184
5636,1,694523
4999,4,755883
5987,1,725217
3631,1,503451
574,5,202056
4172,4,594824
4241,5,653558
5906,2,795882
5719,4,815625
3056,4,478141
465,2,138207
1631,5,308007
2445,4,420343
1460,2,247633
877,2,175698
2533,1,385095
1300,4,281205
3749,6,581651
5088,2,704948
2854,5,494436
3885,3,568156
3963,4,593416
1833,6,361149
5748,2,808620
2122,2,323482
1270,4,257810
5799,5,771856
913,3,199791
4154,4,633995
3474,5,549170
1972,4,342010
899,4,218912
1373,3,258661
1957,6,369012
2430,5,390626
4597,2,645179
5101,6,797518
2431,2,381883
2210,6,380703
4226,2,621700
4038,6,603609
2953,3,440125
3298,1,440076
1985,3,338777
1230,6,299075
1005,3,225798
873,4,206054
3999,1,560388
777,4,213834
5401,3,722236
4588,4,699547
3860,6,608335
1615,5,305131
1992,5,359790
1787,1,267365
3137,2,474797
5766,4,840660
5203,1,704054
4915,3,701009
2565,3,402189
1916,6,354942
1934,2,303831
2931,4,475725
3340,6,506232
5955,2,793023
5797,6,780862
3224,2,468937
4032,4,629128
793,1,166862
5117,1,668971
3262,5,537244
5962,1,791704
1579,1,243630
5601,4,778499
4789,1,630413
4914,4,706300
1647,3,303543
5533,4,763472
2279,2,336082
5512,6,857685
3150,6,519195
4124,4,578559
5258,2,741412
3603,4,546454
5636,1,719697
3518,2,481311
729,5,209676
5755,5,763672
828,4,214103
1764,1,257144
759,2,171455
2191,4,394608
4654,5,685918
1221,5,259786
2883,6,483656
1260,5,282198
4401,6,677808
800,3,193802
3621,1,504271
2879,2,443450
5726,5,811489
1493,3,279293
980,3,211279
3312,3,493052
3505,4,562641
630,6,224234
3053,5,459856
3213,3,503713
4238,2,624317
430,6,184550
470,2,129942
3597,6,607855
3008,4,459643
3829,6,590850
4469,2,621170
3523,3,495217
4206,5,600747
628,6,205724
3462,5,550268
2121,4,388438
4338,6,686691
884,3,210586
5269,1,683878
1397,1,242381
5270,2,762185
4401,5,615197
3599,6,590770
3521,3,541363
1440,2,239697
3169,1,474733
1515,5,319962
1938,4,356509
1200,2,222498
5066,6,739224
2000,6,362592
5600,3,802866
5777,2,791423
4308,6,681251
707,1,150016
4764,5,742971
4013,2,600701
3113,1,454954
2089,5,365606
1549,5,317320
767,3,188887
3384,1,448470
1955,2,332283
5914,1,792919
3008,1,457756
3972,5,610230
3884,2,561517
5440,3,703766
2084,6,411232
1895,1,310908
4606,1,655185
1815,3,292898
1220,1,224467
5425,6,790650
3991,1,504711
5734,5,841091
5372,4,757915
5818,3,770011
5145,4,764394
632,2,161339
5450,2,723109
1823,4,313663
2835,5,441984
5968,3,871388
4859,5,673847
4264,6,693443
2737,4,458989
817,1,174532
4688,3,634035
4985,3,710833
2150,6,395476
2420,4,422026
3522,5,525088
2414,2,377523
3762,6,631409
442,6,189385
5254,4,718379
5308,6,765934
2612,5,410406
1768,6,340131
2748,6,473054
1448,1,226490
5954,6,913944
5653,5,835043
1435,6,315550
4920,5,705263
5470,5,746767
3427,1,501101
5657,6,786473
4340,5,653008
5676,5,751768
5319,4,739967
965,5,246100
907,5,238931
2549,5,456332
2777,4,463856
902,5,233199
1344,2,241890
5165,6,800787
5404,1,683999
3393,1,445346
5632,2,794236
2785,4,435696
3801,3,575808
343,3,135359
2620,2,380144
2475,3,398951
1105,1,204596
3819,6,561001
3349,5,521859
5548,1,772087
5517,6,755774
2261,1,361044
4076,4,571383
3031,1,442492
386,5,165764
2144,5,394122
5888,6,858411
5567,3,788427
3459,1,483959
2905,5,493850
5532,4,782438
593,2,155920
515,3,154293
401,3,136927
5265,1,665441
5692,3,774460
1008,5,236387
2677,5,436589
496,4,168106
2829,3,414483
2996,1,456047
1906,4,319146
2378,5,423400
2343,6,431239
5856,5,788281
4006,3,575147
1955,3,349425
2680,6,479458
1181,6,284266
4995,5,715977
4652,6,656979
679,3,172662
5873,4,758415
4333,3,643696
5102,3,673845
5040,3,725576
3293,5,514090
2967,1,420893
848,3,208707
2504,3,410281
3677,4,523537
4160,5,596951
4876,1,618098
2730,6,478284
4068,6,639074
4017,1,572641
4570,3,627494
5541,4,773492
1060,2,205887
3667,3,503462
1487,3,268527
2901,5,441289
4850,1,664474
3104,1,447004
5070,1,698577
3871,4,561280
2865,5,447087
3767,2,493844
1207,6,279058
5404,5,798564
2319,5,382278
4192,4,590760
3206,4,470773
4084,3,603837
3610,6,538389
2050,4,355586
781,3,177853
2737,1,384704
5513,6,760172
3721,4,564603
5336,1,663731
1686,1,269110
4664,5,695270
4988,3,647196
1627,4,301930
1930,2,318816
4360,5,613186
4790,2,688094
5650,5,855702
796,5,228598
5300,4,711864
4457,4,617742
468,3,151372
1119,6,280779
2454,5,417092
3498,4,518998
2590,5,436885
436,2,134807
4963,1,709466
1362,1,216910
908,5,238638
1425,6,293547
2035,5,362921
3219,2,463689
4584,2,586475
5579,6,758168
2113,3,362575
452,6,187979
1470,6,327355
3313,2,505506
1206,3,235870
5560,3,789312
4235,1,574147
4152,5,662313
5454,5,825221
821,3,196224
2644,1,381995
780,1,157274
4921,2,668357
3322,1,479459
1048,6,276450
5863,6,791299
509,5,193712
3571,6,578804
4016,6,641789
5345,5,725481
3993,6,651104
2073,5,359413
4855,2,677952
5317,4,726848
680,1,143437
5303,1,707276
5332,4,750343
1963,1,309084
2659,4,417086
2030,3,315399
2360,5,384988
5088,1,666941
5920,2,802104
2577,5,452984
5914,5,795755
4548,1,569666
1827,4,327444
5338,4,715386
482,2,137992
4255,3,605796
4056,1,522636
5587,4,749555
1085,5,249815
1071,1,190836
5042,4,704426
4121,6,670821
1335,4,280250
4239,6,672468
3745,5,606741
4043,6,591566
2770,3,452359
2655,5,466045
3594,5,580227
2378,2,389876
4790,6,672987
2635,1,395153
5954,5,864371
576,5,186631
2348,3,355305
5110,5,712303
3455,2,530850
500,2,141568
2406,2,348265
637,1,140487
2944,3,466838
4166,5,658388
5319,5,711197
4522,4,640123
2138,5,399557
3423,4,527018
4282,4,582713
2797,1,418749
4578,6,701590
1643,3,272640
5613,1,761518
3880,3,553763
5025,1,643757
1299,3,259910
3057,6,520275
443,1,113313
5875,4,771287
3467,2,493035
818,3,200920
4488,5,641407
3229,6,530345
3560,6,556945
3237,6,556277
925,2,178272
4243,1,541523
4475,1,563577
3233,1,459703
1116,5,246740
4962,5,727285
5961,3,866419
2868,5,445809
3117,2,477981
381,1,112492
3095,5,495919
1261,6,287154
1728,1,264989
2641,4,433419
916,4,225716
4856,5,689047
5485,4,813357
1766,6,351843
1998,2,339417
3886,4,606032
1558,4,304293
4295,5,613864
4170,6,625942
1039,4,244580
1982,6,381789
1482,2,274443
5406,2,684452
1646,5,313401
2932,3,467235
3039,6,487795
5654,4,801862
1728,3,286912
4140,5,622933
2728,6,457847
4607,4,621967
3516,4,498787
4443,4,606723
301,2,115022
2473,6,460438
5527,6,810759
5358,6,806541
3380,6,544258
5148,1,719786
1729,4,304021
794,5,222441
4903,3,645968
1000,1,180293
1956,3,324100
1192,1,195270
4235,1,608042
1400,6,318666
2012,2,339267
3322,3,466167
4357,6,624574
5210,5,803556
2387,6,450193
1964,2,310560
1506,2,251793
1310,1,234515
2259,1,321778
845,4,215582
656,2,150247
4762,4,671740
5938,1,748425
3177,6,542617
4816,5,670249
1798,3,331068
624,3,176789
911,2,186524
3969,2,591860
5643,6,822686
4443,2,616880
2164,6,423850
2820,6,472761
4755,4,647119
4755,3,686014
2421,3,382193
3764,3,568609
587,5,196794
1183,1,194029
2861,1,390792
4807,3,654162
4441,3,651579
980,4,222984
4551,6,714906
5758,2,766794
2810,3,422896
1414,5,299219
1382,5,293713
3417,3,478499
1799,1,271244
3610,6,594571
1755,6,359857
878,4,223712
5331,4,730673
2605,5,429320
780,5,223310
4974,3,667797
1434,2,253491
4904,5,669278
3901,1,564747
4032,5,598433
623,6,208961
3917,6,579332
5316,1,730222
5382,2,703185
5888,4,762060
374,5,172728
1393,5,307414
2934,5,449686
996,6,255479
2830,6,456457
702,3,189047
318,3,133237
2989,3,484693
3403,1,474378
2076,2,313116
4668,4,671433
3111,4,473995
4326,1,579033
1921,2,292054
2237,5,393664
5253,5,807133
2094,5,381521
2634,4,448679
623,5,199073
3972,3,532393
837,2,179364
1263,1,222063
4245,3,588535
4803,2,638144
3908,2,560860
3775,5,539083
1641,1,278536
3277,3,516108
2053,3,322702
4500,1,651293
2117,1,333727
5291,6,768226
1842,3,318565
5924,2,758429
2199,3,368684
1492,1,251598
1890,4,320775
4880,4,679532
1358,6,315281
3316,3,525527
5791,1,787408
1428,4,298626
5533,4,791057
5853,6,835728
5493,1,748351
3760,6,565014
5715,6,816529
1789,5,344836
2815,5,487371
3282,5,542360
5730,3,815058
3281,5,488008
5654,2,744748
646,2,151660
1593,3,275657
1497,1,236986
4708,4,688507
2748,6,441815
5346,1,661617
580,1,138194
3056,2,437988
4407,2,651772
1776,3,292140
1174,3,234144
4473,1,637977
4304,5,602645
2362,1,324558
5587,5,850652
4062,5,572540
4311,6,635647
3552,2,512477
1765,6,359686
5291,3,739688
2055,5,356464
4299,2,633129
960,3,204253
5718,3,807353
4891,1,648589
2864,3,457861
1985,2,314530
3091,4,501780
3935,1,536078
853,1,172690
2273,2,355021
3619,6,574123
1522,4,294558
3623,1,502801
3930,3,560020
4340,5,611660
3762,4,583461
2371,2,344097
4364,5,626146
2870,5,466069
3922,6,647063
1250,4,251828
576,4,171001
1063,1,185041
379,4,148299
1739,1,265252
2587,5,426213
4823,4,724250
1092,2,218915
3007,6,516162
3638,1,508390
4151,5,598224
5993,3,761865
2237,3,352426
5081,2,667314
1661,4,307221
2145,6,397193
1978,2,310149
3634,3,556904
4785,1,593071
736,1,163697
5282,2,668159
5646,5,798916
5272,1,733581
714,6,236329
3457,6,564740
1853,6,370727
5640,5,804698
2747,2,410097
1790,4,332678
3182,3,449159
3550,4,509701
5203,1,638783
5591,2,739026
3571,2,488093
5033,1,635009
1015,5,242983
5157,4,711471
3306,6,506638
2126,6,392493
4366,3,609448
5258,5,788221
4822,4,682260
4304,3,591738
615,5,193794
4475,2,579562
3417,2,474947
1025,5,235472
2631,3,433427
2548,6,458466
5984,2,754353
2944,4,455284
2658,2,395676
3242,5,541550
1747,6,339905
4923,5,677958
4189,2,553586
1335,5,290996
656,1,143243
2715,2,411040
1212,1,219886
542,4,169272
5582,5,833488
876,1,165911
5718,3,832048
5811,4,810390
3978,5,571211
2123,6,378500
1104,5,244726
2938,2,442068
3555,4,540798
4927,5,767091
5317,2,757473
4110,1,544925
2479,3,409920
4144,6,615446
4059,4,562762
1196,3,236867
1266,6,280795
2331,6,399063
4504,2,597363
1920,6,389401
5103,3,655085
5300,3,681038
5057,5,692374
808,3,184204
5145,1,701156
4175,6,655050
3834,2,518727
3924,2,568170
4845,1,612422
420,3,140664
2545,4,402483
682,2,162364
1560,4,316155
5766,4,762344
1866,1,304063
1986,4,367285
5131,2,703765
5303,6,787002
837,6,231618
2197,2,328929
954,1,181486
2025,5,374927
1096,5,259905
4665,3,647571
903,4,211791
1565,2,259408
2799,2,410372
4556,6,734336
5070,1,637246
3329,4,544921
3972,5,636105
4330,4,667043
5502,2,730424
1685,5,331775
5548,3,803370
3298,3,491244
580,3,171518
3916,1,520340
5547,2,720284
3745,2,564866
3621,6,608826
2390,3,384097
2015,2,329354
5721,2,719339
5555,4,784792
3172,4,503035
4168,2,549062
3446,6,552838
946,4,214817
4638,6,703899
4241,1,573464
325,4,150331
1069,2,210577
4584,2,665404
629,2,146065
3056,3,481890
2354,2,373473
4250,6,606271
4801,5,722771
1925,6,388117
1391,4,263443
2349,1,343248
2161,4,345183
4676,1,587224
1046,4,229738
1196,4,250917
5999,2,820385
5090,6,758273
2003,6,386792
3353,5,526931
2711,5,427333
2118,3,356412
2246,3,368166
4849,2,622499
1831,5,337423
2519,4,400879
1995,6,371180
3422,1,477843
4191,3,592715
4960,3,729221
5239,6,734442
3432,4,521412
4513,4,629233
4115,6,611028
4597,1,625656
4634,2,667176
1486,5,309142
3928,1,556680
3606,1,459848
1378,3,266228
2373,6,449166
5167,6,788521
3588,5,552278
1737,1,258699
2377,1,368948
3701,1,520273
4414,3,604749
4879,1,643987
2138,6,387609
1352,4,276996
5912,6,895148
3878,1,559354
480,3,152170
5186,2,719943
2910,3,450039
1134,1,198548
2290,1,346304
1707,4,296294
1251,6,300170
1716,2,288230
4090,4,613081
2364,2,347547
5286,5,738316
3326,1,475633
3261,2,479352
5916,1,791257
5122,3,752692
2571,4,437411
3275,3,493380
5117,6,741982
898,1,172198
1037,4,220598
5829,3,850550
4906,3,697907
5552,1,730642
2152,6,420687
5796,3,813638
1302,6,288515
1301,5,277474
540,1,131111
1157,2,220546
5321,1,649701
1849,5,364081
1541,6,321729
3298,3,471551
5860,6,889649
4644,4,650157
1698,6,351792
4521,3,667562
4295,5,680720
5673,2,734298
4473,5,670854
3674,3,514985
3563,2,480753
3180,3,446720
997,4,240398
3744,1,537821
5638,4,831702
4753,3,628918
2414,2,375503
2578,5,420696
2129,3,370909
5855,5,864411
766,4,199056
4425,4,671242
5389,3,709204
3004,4,488107
3503,2,490146
2557,2,374100
3836,5,557224
4996,2,654345
3300,3,522827
402,1,113049
5647,4,753814
5367,1,664111
4489,5,699709
1760,1,288000
3533,4,527946
1695,2,283234
1407,2,247416
4641,3,617714
4296,3,589015
2532,4,407880
1479,4,293676
4073,6,641761
3945,1,536628
4591,2,589559
5739,4,825268
1724,6,349628
1439,1,249636
458,5,185580
1464,5,299958
4030,6,665682
575,5,185245
4494,5,683561
2728,1,401874
5056,2,702529
1932,2,307127
741,1,159650
3783,3,585059
5279,1,748798
2206,6,418498
2280,1,359722
5134,5,709385
4236,1,592012
4501,4,624741
4891,5,742360
5832,2,771829
5013,4,699819
1323,6,287064
3777,5,543194
750,2,177901
773,4,210970
416,4,161196
5447,6,778092
4233,6,663100
5309,3,690346
4593,3,650071
4192,6,634666
2019,5,380557
429,3,150762
1890,5,336967
5315,4,742511
4985,6,695234
2578,1,402582
3280,3,461704
3898,3,601287
4511,1,616826
418,2,128285
4426,5,654606
1800,6,336155
4026,6,639371
2647,6,475910
2024,4,352998
3428,3,532451
4404,2,602071
5149,2,657233
4864,2,661817
829,2,168364
378,2,130444
5938,6,860982
2917,5,460071
4449,1,557603
2035,1,329794
1546,5,310765
4042,3,548168
3561,1,495368
5930,3,842810
441,6,190462
1262,1,203919
5851,1,768973
2920,4,448697
4153,5,605767
489,5,175939
2350,4,379214
4551,3,663196
4682,3,637961
5380,5,724772
3254,2,466026
5616,6,868918
5858,6,877101
5920,6,893372
793,3,180212
4661,2,623373
5129,2,743230
5280,3,689959
2476,4,400775
5648,4,763889
1791,5,353957
5974,3,811639
856,1,173808
5672,6,782409
5668,6,872791
1915,1,301353
2063,4,349718
5678,5,801784
484,3,161264
4610,1,591764
1748,4,335038
2293,4,373741
4394,4,657429
3828,5,561756
5967,4,844843
4212,5,586763
2358,6,403801
1394,4,285984
343,6,187240
4241,1,584060
2391,2,372543
5619,2,729785
1214,2,210074
1330,1,237988
5032,6,742618
5982,4,815916
441,1,116113
1532,6,320690
1980,5,362972
1254,6,276456
4966,3,643528
766,1,157560
2852,6,485168
5925,4,784034
5264,2,724445
2036,2,328057
2522,3,408365
849,4,214373
4068,5,647217
2089,1,299575
606,2,151627
3097,1,427382
4538,5,653262
2659,2,379818
5505,5,811445
1328,2,228006
804,3,202715
3413,1,495561
875,5,224479
2440,5,419584
4532,2,660519
5069,6,763303
4704,5,714163
2824,2,405306
2521,2,372566
1161,4,250450
4763,2,642415
1493,5,300736
5074,6,699251
5440,5,829841
2619,5,427398
4042,1,557576
5115,4,730497
451,3,144624
2389,1,359177
4801,1,653651
896,1,168934
2010,4,355631
482,1,128199
4584,6,716643
5866,3,764821
2475,4,419520
4051,5,650324
303,6,174745
2736,1,372038
775,2,182500
4340,2,606530
4107,3,593826
1021,3,208195
5928,4,876035
944,5,247410
5264,6,796694
3512,4,500865
2782,1,398791
1363,4,272060
4081,1,524429
2126,1,317400
1124,1,190066
2733,3,418620
1629,5,302803
999,5,253070
3404,1,467397
3390,3,518574
1262,6,288939
392,6,187997
4080,2,583651
5012,4,688144
424,1,114505
3947,1,520175
1824,6,357802
3339,4,513776
1911,3,317037
1870,3,315554
3295,2,453475
2028,3,318749
4715,4,648929
2602,5,447237
2179,6,422177
4192,2,547993
4590,1,586483
4841,4,734830
2362,6,412952
739,6,234062
1323,5,295303
2096,3,328493
4486,6,699852
967,1,170895
2956,1,410770
3375,4,544715
5363,4,732761
3195,3,446736
3941,1,525921
3206,4,482597
3640,3,540388
3744,3,514846
4667,1,666587
2630,2,423290
5395,5,794782
2323,4,405936
1587,4,306029
5267,1,695626
1905,6,361510
5019,4,763297
1526,4,289160
2540,2,370174
944,6,255437
2132,4,378493
2019,3,320957
378,4,158440
2562,2,385128
4095,5,590869
2693,5,435166
461,3,156527
2459,6,439540
1055,5,261335
3082,6,536234
1538,3,271667
3067,6,496558
4326,2,581939
2121,1,318621
3741,4,592615
4081,1,543337
5304,5,805702
4417,3,621449
1770,5,321553
2609,3,413705
3875,6,577947
5429,2,694123
4587,3,656400
1375,2,235376
5968,6,899822
5688,3,736781
547,4,177427
1877,4,329521
4468,1,582356
4584,5,647864
4661,4,674171
5143,2,677060
2685,5,423536
3171,3,497425
5069,3,743283
3975,6,589253
5682,4,787235
560,3,158487
4602,1,657219
2002,6,363354
4259,6,617084
1921,5,360996
4855,5,749272
4044,6,595317
4729,4,691785
1787,6,349439
3348,6,506967
2034,6,407373
4279,5,614902
3295,5,484789
890,5,240745
2975,3,465922
5365,4,732148
2013,1,297664
899,2,195564
2375,5,431521
3875,4,570649
1035,4,240586
5181,6,809354
3003,6,483164
4878,5,730608
3270,3,498987
1333,3,256388
3248,1,461747
5466,6,778873
2518,4,414644
5792,3,775012
2573,2,412072
1777,2,297082
824,6,237494
2133,4,361000
1986,1,310943
2575,2,404556
5100,6,702265
5857,4,799061
2449,6,444741
4359,5,651616
5981,3,778229
5023,4,694359
3060,1,424532
2760,1,389668
5055,5,706809
430,5,175268
4543,2,644059
3251,6,511665
1731,4,301532
5190,6,779544
4995,5,750628
4594,3,624900
1036,1,198105
5204,3,754101
5846,2,757040
1803,6,338349
4446,4,609966
603,2,159594
4959,1,677505
1647,5,336255
713,3,185670
3816,5,587536
1970,1,286466
2292,1,339638
1785,3,309736
3996,6,650567
5181,5,710542
3638,6,609420
5390,5,807054
2443,4,404641
5717,6,785276
2762,3,456372
885,3,204330
4511,5,700584
2185,6,423702
3054,2,431786
334,3,130933
2522,6,441381
1395,1,247440
5818,4,774143
4932,3,642090
5017,6,765056
2511,4,388160
2566,6,459605
1994,4,326364
5426,2,738166
2069,4,381199
809,1,163840
4100,4,571245
1476,3,279899
5771,5,870849
3454,4,522427
1211,6,278257
4967,6,742026
2826,5,434118
5535,3,797679
4784,5,744646
660,2,161777
3419,6,560585
4962,6,759447
2603,4,426086
3477,5,531879
3969,3,593165
499,1,122140
5216,5,706070
4540,4,670089
5717,5,810348
2088,4,377782
3312,5,503709
2551,2,364573
2337,5,394371
3174,6,516985
4935,6,761903
2114,5,387204
4524,3,605180
3370,4,537580
5697,4,832716
3112,4,464941
1629,1,269113
1700,5,320808
5509,3,712908
3384,1,435604
5563,3,787804
2083,6,410027
4428,6,647742
4887,3,647389
857,1,164729
1183,6,280645
4061,1,538491
3547,2,540434
3142,1,418588
3990,1,512630
5616,4,738306
1084,4,245813
1874,3,305301
5402,3,776964
4477,6,719172
1599,4,314837
1437,5,303576
2691,1,411132
3373,3,476545
5732,5,795119
4220,2,561487
4097,1,547377
1659,4,312639
4165,5,633269
4263,6,638249
1614,2,279752
2728,4,423380
4671,5,659743
5202,3,683401
5227,2,658178
1426,3,268906
4290,5,642706
1404,6,297066
4290,3,640273
1807,2,294216
1250,2,244042
5353,1,660536
749,3,191243
3369,6,569564
3419,5,525144
413,1,111078
2935,2,435456
3195,3,455193
3156,1,416594
2439,3,366705
5585,4,796991
3160,1,415211
938,4,223121
2451,3,405682
3034,1,422511
1320,4,259837
1467,2,273913
4428,6,702677
2380,6,407358
1754,4,323512
1635,6,323437
795,5,215916
578,6,214832
468,3,158747
4245,6,668993
3583,4,525357
2022,6,366122
5669,2,726753
5120,1,720047
2226,6,389621
1285,5,274926
2736,5,430274
934,6,251744
3967,1,529562
1860,5,367908
3047,5,458403
5974,2,824402
2412,2,367964
2076,4,342905
5414,4,743227
1944,2,304025
612,2,149577
5853,3,782229
3906,4,612979
3921,2,586164
5979,2,788000
2310,4,380273
2631,2,381303
4515,6,680982
697,3,170870
2528,3,381518
4037,4,561877
2065,5,369764
2573,5,444757
1485,1,224954
1053,3,223262
5275,1,668203
3990,4,630299
3258,5,542033
4209,4,575890
1673,1,253704
4914,6,707439
3332,1,473847
1831,5,350047
967,5,243162
5585,5,768284
2419,6,428853
703,6,224929
694,4,193164
1252,4,268572
2625,4,408361
417,5,177287
2219,1,317852
3767,3,528646
4800,6,708066
591,1,127676
2595,3,428342
5008,2,718818
3917,2,527897
3648,2,552014
2412,2,355850
3112,2,428304
1769,3,320145
4057,4,570477
4899,3,643267
3236,4,476271
3999,2,554545
4834,1,675636
5115,2,718506
382,2,131105
1560,6,322151
2230,2,361373
3358,6,558248
836,6,237810
5264,6,794691
3570,1,525594
5427,6,763167
3937,1,502373
1186,3,225235
5152,3,675801
5190,1,698205
5725,4,793960
4355,2,598619
892,4,219566
2403,1,345113
831,4,217860
2164,6,417054
4017,1,544127
3579,6,586454
2508,1,369106
2873,4,436273
3683,3,548174
4393,2,626635
4093,4,634017
1954,3,338469
3607,6,543283
5945,2,737711
5705,2,810637
4890,5,687715
1793,6,344841
3271,6,548107
4385,3,618173
4875,4,692993
4198,1,525418
3513,2,468553
2401,1,333697
1735,6,354398
4305,1,607585
4374,1,621041
3268,4,492338
2580,2,418095
1940,3,341340
4085,6,639748
5090,4,678295
366,2,120947
4272,4,585816
2759,6,473187
5230,3,769281
3716,5,605591
3536,4,558459
5130,5,784721
3834,2,574059
1423,6,299307
1440,3,250469
4227,1,547760
4538,3,614770
1629,6,346277
5495,2,704460
4542,5,696577
3456,5,505523
1247,4,259585
4004,6,580570
2535,4,415390
1844,3,337145
4176,4,645019
2448,6,449352
5854,1,789307
2918,1,388666
1224,1,199480
5411,3,714851
1137,4,241163
5238,1,746516
5277,3,674941
853,5,230261
1606,4,318348
3851,4,543929
2592,2,364028
4428,1,597581
5726,5,765702
922,1,178292
4692,6,718492
5129,4,739760
2154,4,386553
5177,4,678277
4979,2,626363
4219,5,611597
4899,6,777854
712,5,202974
2783,5,474243
4564,2,608606
1474,4,271875
3785,1,515592
2936,5,476311
1601,4,298015
504,1,128081
2054,2,303502
4995,1,660569
3589,5,518242
5036,5,684301
3472,2,531203
5934,4,862301
3358,2,483496
2886,4,454582
415,1,117565
2331,3,361637
3122,4,487717
1059,1,190517
1992,3,349717
2201,1,340494
1868,5,338360
4494,3,645507
1322,1,207406
5842,5,803975
3162,1,472531
342,6,180164
3178,3,485456
4055,2,605819
2610,1,384384
5622,6,816305
3293,5,491179
3549,5,566976
4252,3,599912
5136,3,706224
996,6,258072
1066,2,208146
3821,4,606650
1083,3,222890
3573,5,525200
2815,5,439591
3389,4,527844
2164,6,389462
5479,5,756085
3018,4,471994
3718,3,554970
4473,2,635914
4075,3,576096
327,3,138234
1309,4,261013
578,3,167755
2062,4,358830
1594,4,316592
2764,4,469606
2643,6,468235
4267,4,587062
2955,2,434303
5541,6,817530
5960,6,817994
2866,1,391361
5330,3,728699
1909,1,312764
353,1,106082
583,4,173612
3938,2,566530
2210,4,358788
714,6,225956
2482,4,390803
854,3,188306
4277,4,635713
2916,4,488158
2577,5,458753
2324,1,326425
840,6,244069
2771,3,448089
2463,2,383517
821,1,172109
3209,5,504479
450,2,135601
1644,2,276611
1434,2,237245
2200,5,381749
827,1,165887
2927,1,417522
4338,1,583412
4496,5,635819
5853,1,771594
2935,4,461598
4819,6,763408
1223,5,269677
4759,5,699635
3513,4,549242
1888,3,299501
4516,3,655580
3851,4,582366
3765,3,512815
894,5,231240
1756,1,262427
4033,3,609926
4612,3,656537
5869,6,817808
3930,5,589276
2421,6,453705
4581,1,600339
3162,5,516793
3681,3,540736
3383,3,533915
2866,5,476181
843,6,245712
5000,3,706208
5732,1,717334
1036,2,206204
1931,6,374532
4422,1,589774
5294,4,773683
4256,1,562206
301,3,135245
3234,1,447336
3452,2,478666
2513,6,437507
4727,6,736521
689,6,212877
3667,3,562691
4863,2,633664
5260,6,721774
5242,1,715924
2095,6,401061
521,2,142053
799,2,187295
2092,2,309764
2041,6,372982
674,3,168180
3915,1,561922
4388,3,625623
2876,3,439642
4790,2,641346
2141,1,311571
1219,3,238742
4089,5,592583
2641,3,411204
5811,2,785750
1390,6,318518
4018,6,647909
550,5,181885
2234,1,344502
4598,5,713027
4282,3,652973
3476,6,551739
1468,4,268544
2818,6,499858
489,2,140655
4083,5,624028
4308,4,647470
511,5,182859
4755,3,667384
3995,1,579536
804,6,247890
3784,1,507304
3835,6,566875
4557,1,609394
1777,1,282601
4043,5,579236
4322,5,605831
4731,1,652079
4186,1,534117
1053,4,232766
1153,1,203038
2655,4,453365
2921,3,473416
504,4,166799
4408,3,646889
1717,3,300789
988,2,202407
1599,3,291734
2734,5,464818
3220,3,467250
4971,4,711349
642,3,173191
5324,3,745472
5275,4,772651
2426,4,380319
3690,2,493920
3366,1,482396
5930,5,879011
1498,6,303639
3238,4,486611
2281,1,327255
788,6,227660
4791,2,621945
1271,4,252855
5893,1,725472
4178,6,656398
1261,5,283015
403,3,140490
1101,6,272215
5069,6,728977
5744,3,782586
2857,2,437690
4378,2,593027
2854,6,459763
4251,1,572092
2194,2,320778
5437,1,732467
725,2,157409
4363,5,632363
3020,5,497495
2910,4,474186
5384,3,698688
4980,5,707052
2291,3,387063
428,6,197098
5979,6,816476
708,6,234490
1281,1,213721
5743,2,737183
4249,5,610496
4239,6,648689
3364,2,494643
4885,6,703979
2748,3,446959
1975,1,300273
5489,1,673829
4699,6,725333
2902,1,435065
4411,1,639629
5251,3,687644
5934,4,830088
4342,6,670359
1603,4,310176
2697,5,439484
4894,3,677626
902,2,184261
2559,4,406292
1921,5,345149
3658,5,582785
4362,1,609542
4763,3,650173
5786,1,738863
1268,1,207635
4938,6,684387
2205,6,404582
431,4,167003
2292,1,334699
3063,6,502801
5441,6,755661
3456,4,515650
612,2,153438
2497,5,451357
2852,6,474602
4162,3,565761
1614,1,253868
2932,2,406099
3583,5,572270
2784,3,405461
777,1,149267
3929,4,568445
2335,5,411259
3265,4,533991
1278,2,242222
1559,6,326581
1720,3,283602
3068,3,462712
570,6,217754
4927,6,758978
953,6,249489
4025,1,534281
2199,4,378275
3458,5,574576
4685,6,687965
5380,1,665702
3785,5,567326
3283,3,497157
4283,5,654619
1966,2,313745
1832,3,305604
1028,3,216890
924,6,247282
4385,1,624815
2021,1,325194
2432,6,427647
3727,4,590036
1291,4,254087
1149,3,227464
1231,2,237009
726,5,211989
5891,6,838732
2543,2,382638
1558,2,273959
3247,2,475776
3022,3,462375
317,2,124969
5532,2,706517
3796,3,546018
5325,3,726733
5060,1,712653
2603,4,428902
5450,6,788948
4270,2,604411
4181,2,625808
5866,2,738079
449,2,139592
4137,3,559587
5147,5,744160
4608,2,661786
5523,1,700468
2442,3,395267
5457,3,745533
2970,3,422573
5035,3,700877
5746,4,749083
4745,3,660494
2911,4,432279
2948,3,418915
5198,1,672589
684,2,169455
4570,3,629583
3024,1,437704
3363,5,554846
1979,4,369610
4329,1,615831
5517,1,732490
932,5,229382
1385,5,302895
2671,2,403691
3435,4,497714
2682,4,445477
1445,4,296371
3021,6,474715
5345,3,749480
2879,4,428886
5356,3,778849
1257,4,259462
3095,3,480907
4590,6,659877
3260,1,470902
1642,3,285097
5326,4,795632
3577,1,509289
4345,2,619981
500,2,143561
5177,5,745670
533,3,155332
4116,5,657543
1939,3,319404
5172,1,733690
2066,4,360558
4720,6,678651
5406,4,709675
2385,1,374938
2416,4,396437
5860,1,741860
3775,1,551110
5050,4,746604
1444,6,298408
762,5,225614
2644,1,366719
2463,5,436649
2139,1,338078
2615,6,469871
5470,1,716922
2205,1,309640
4498,4,690694
2690,2,374438
5659,6,762217
4656,2,639320
4983,4,690153
2052,3,359066
5946,2,812510
951,5,235332
3898,5,590180
3762,6,589896
1485,1,229777
2560,2,410754
3803,1,493247
4810,5,655199
4556,5,714693
3606,1,499169
2711,4,441341
4566,3,595139
4855,6,745668
3859,5,588802
5119,5,697503
2153,4,354659
3918,3,528563
4161,4,648337
5603,6,775433
5286,1,690600
2594,4,397669
3760,4,576978
4121,4,579443
4644,6,728895
317,1,106097
4614,1,653065
430,6,183713
4146,1,562414
4667,2,613313
3327,2,451589
1734,1,284802
472,1,123153
5694,6,848906
5423,2,701618
2195,1,339567
564,1,136969
3924,4,603987
5616,6,801076
1919,3,305070
1389,5,282321
528,1,130229
3145,6,509991
3358,6,530936
2452,5,396161
4337,1,543330
999,5,250937
3070,1,453662
3652,2,486513
5635,4,831700
4205,4,592732
3009,3,436495
1373,5,279527
2976,4,499015
5482,2,755576
2651,1,373073
2677,4,419127
4406,5,640405
3941,6,583390
2468,1,384563
3943,6,611972
3737,5,589570
2801,2,402788
5358,3,707585
4847,2,684154
3079,2,441148
5873,3,769930
3294,4,512108
2440,2,398858
3662,4,542325
3384,3,506296
3022,4,486793
4551,1,583560
1574,3,272860
4377,2,618790
2028,3,322624
4685,3,656382
443,3,140585
834,3,196366
4687,2,667713
4034,2,569227
3198,4,523527
5046,4,756480
4970,5,766420
1367,2,258330
1170,1,192509
4270,6,648675
3533,1,494358
5315,5,788838
2193,1,340427
4278,1,578708
2229,6,409071
5900,5,860267
1852,3,299891
2720,2,412102
2138,3,371189
965,1,186367
3191,1,465030
4922,3,716869
3433,4,492495
4202,2,592962
4861,6,689446
1048,5,237418
5886,1,741970
627,4,184842
2763,3,410940
5788,5,869558
1587,5,310373
4644,6,664833
1896,1,295592
1439,1,226219
2310,3,388719
3072,5,504788
996,6,257109
3567,4,518100
5381,4,765833
3022,5,502237
3319,2,499137
2090,3,333109
719,1,144653
1999,6,367702
328,4,155889
315,2,116011
5237,2,677880
1757,3,299596
2368,1,358254
1146,1,213780
3441,2,500249
526,6,207123
5875,4,841810
740,2,160033
2662,4,402752
2074,2,330006
2680,5,449110
5651,2,737732
3885,6,635578
3227,3,516208
2779,3,439574
500,3,161031
5435,6,769997
3359,5,505495
4294,4,608973
1398,3,269076
3670,2,538512
1215,5,262254
4793,2,615795
3413,1,447570
4621,2,637018
1409,6,321410
1610,6,326777
4844,1,620783
2952,1,406758
5475,4,722922
3968,2,566459
3414,4,501742
499,4,168851
2623,4,446337
4163,4,584568
3696,4,562951
4582,1,645021
1584,1,262303
4202,4,599515
4557,4,674068
627,1,130252
3188,1,481832
3379,5,561276
1691,1,249738
1239,1,228541
5375,5,715574
2487,3,377560
5824,5,824875
3402,4,494157
5731,3,773302
5975,3,807124
1967,2,301298
1717,4,301658
1661,2,269462
5244,6,716170
5208,3,743073
1888,5,336173
1383,4,267551
3158,3,487435
2319,1,320336
4468,1,595482
4709,6,677606
1000,4,233951
2838,3,452115
2138,6,417268
2681,6,448466
2793,2,439548
5755,5,870985
1111,4,244045
4436,2,629386
1904,6,381544
1537,4,299483
4788,2,650075
587,1,136026
1886,4,315505
3237,4,478133
1119,2,204348
5723,5,767677
1219,6,300847
2765,2,423413
1652,2,290515
1202,2,208899
671,4,182123
1092,2,213642
2450,6,445342
5099,5,754767
1868,1,306070
4422,5,613619
3062,4,479670
387,6,181049
4049,6,635959
5302,1,731276
760,1,146162
1034,6,271494
1078,1,183005
1899,1,275979
4804,1,630189
3521,6,577261
1600,5,323305
3524,6,550903
5661,4,797362
4710,6,671528
1352,6,308920
2219,5,382252
4452,5,623286
3134,6,488176
2255,1,332993
4139,2,598981
4492,1,588917
1145,2,227619
2443,1,330984
4910,3,653905
3727,2,560815
1459,1,241600
5065,5,714141
2339,1,320004
3557,2,531965
4859,5,708050
1020,2,190257
3140,3,480539
4800,4,735551
4193,1,541677
4930,4,748137
4256,3,602033
4004,3,562886
3546,2,489758
2406,4,411684
3365,6,568607
2372,2,353703
4889,4,659375
433,4,166713
5878,2,805841
1814,5,329235
340,2,122621
1644,1,257175
1584,6,347572
2703,1,373486
1779,4,342492
4751,2,641834
642,2,150920
3685,2,559750
621,6,205698
401,3,141354
5161,4,735927
1880,4,334320
2551,4,403888
3051,1,449301
4194,2,592869
3276,2,503681
3067,4,456093
4557,1,609963
4047,4,636885
1252,3,251767
1544,1,255424
2728,4,420474
4411,5,643634
5270,3,729583
4705,6,744131
2222,6,396989
791,2,164468
2107,2,314188
1454,4,270265
5359,3,689342
990,1,171121
1222,6,276007
3136,6,498683
2096,3,366024
435,6,195176
338,4,150694
1349,4,263019
5158,2,740209
5680,4,833619
1413,1,237382
484,1,122682
4099,4,640414
2985,5,484753
3191,5,507390
2669,6,483610
3737,2,552628
4636,1,614884
2274,3,374983
3757,6,563480
1920,5,343489
4142,1,520343
2453,5,431528
5786,1,709827
5346,1,720563
3390,4,524370
5217,5,768123
3245,6,520355
2364,5,398220
5786,3,787926
2555,4,444446
4797,1,617322
4201,2,550837
5856,1,714086
3783,1,550587
1871,3,310127
4624,5,660668
3171,5,507204
3643,4,520311
3992,6,639232
5278,6,738007
4663,1,663164
1668,2,279687
1408,6,302262
2637,6,457314
2368,4,398806
5869,2,746865
974,6,253655
1910,6,352256
5584,6,792831
1513,1,250777
5735,5,844145
1233,2,233286
5427,5,753239
3009,6,485277
2581,5,412770
2942,5,471756
564,2,155105
3144,1,434546
3130,6,485725
3137,3,503676
3321,2,509069
3501,3,477578
5021,2,691880
3875,5,560084
3965,3,592537
4859,6,765978
5895,1,821070
3411,1,466482
3601,3,489666
5186,6,764406
2252,3,363054
4472,1,616886
784,6,238472
322,1,105721
3058,1,422406
2366,3,385427
5413,6,829630
351,5,172187
1486,6,317013
1877,3,327720
2920,5,487080
4019,5,597219
2087,5,396785
5431,5,760252
5377,3,697593
790,2,169402
2191,6,419384
1139,6,269098
3765,3,549456
2611,3,387743
2855,6,486324
4318,2,597988
4691,4,669678
5191,2,715132
1681,2,269572
816,6,241745
2065,5,356448
4285,2,584214
2608,1,362092
3074,5,472583
1005,6,256315
3006,6,475031
1691,3,315694
5139,1,699721
5375,2,755908
4057,1,518636
3354,6,553394
3813,5,577145
5518,1,752533
2441,2,366412
2294,1,360131
3877,1,533438
5337,1,701616
4788,5,708379
5870,6,854417
5551,4,746164
465,6,189531
2215,2,337232
2236,5,368426
5092,2,678899
2372,5,429474
1912,3,307430
732,5,205888
3874,4,606450
2884,5,490329
1671,1,248899
5676,3,805971
5900,6,806885
5190,6,794684
303,4,152952
4761,2,644541
3117,4,457336
3591,1,486457
4480,1,561072
3780,6,594547
3378,6,527215
5665,1,788715
1938,5,369256
5430,5,798881
5386,2,762682
2034,2,344923
479,6,205613
5994,4,885946
5747,3,769436
1979,3,345714
443,6,193732
4357,3,589777
398,3,147364
5698,6,797517
1428,1,219922
2385,5,422005
2027,6,368001
5813,3,742984
2076,2,332486
2999,5,454041
5791,5,832915
3075,1,401283
2560,3,419493
3638,5,582415
3413,5,514162
5616,1,735953
737,1,142655
1821,4,342587
1425,3,265549
936,6,244269
543,2,149568
4118,5,656736
454,3,152382
4279,4,626768
4597,1,661409
2044,2,339701
719,1,141987
3814,4,530576
5223,1,739421
2490,5,451333
1295,1,214292
524,1,133552
5678,2,752886
5626,1,711514
1427,1,233022
5399,5,719708
2864,4,454156
2369,6,428825
4877,2,630453
4906,3,726525
1619,2,259205
1992,1,298617
3417,4,510787
1673,1,273838
1201,4,262480
880,4,216044
5157,1,709775
2058,1,329290
3779,5,549462
4077,5,608211
3599,3,497483
1269,2,233812
5152,6,809986
5596,6,763252
2780,6,484139
2451,2,368057
2931,4,438126
3392,5,498277
942,4,212489
4487,2,586977
3754,6,589339
1022,1,174098
2742,1,376902
3522,2,498179
3606,1,474474
2950,5,459622
2243,3,373463
5419,2,737628
5068,2,712109
3793,2,503060
1157,5,278409
2657,2,372552
3066,1,414627
1285,1,209880
2193,4,351694
886,5,220881
5782,2,783067
306,5,155535
5399,4,791413
3380,1,478876
2983,1,427812
5612,4,833056
4519,4,636865
3340,4,499781
3705,2,559850
2390,1,337899
2165,2,327914
4183,3,628650
5850,6,865072
1832,6,375723
3085,3,448829
781,5,229898
419,6,195332
390,6,187420
4662,4,649775
1658,5,312290
2001,3,312066
624,3,163943
1206,2,232996
430,1,118873
3418,5,549510
1772,6,333523
1369,3,262501
5952,1,787096
2695,3,416512
677,5,212419
4983,3,642302
5196,4,763110
2110,4,366323
1766,4,306351
2859,3,444103
1427,5,305622
4125,4,604112
4612,2,631610
1198,3,239207
1149,5,267707
3871,3,562355
3755,6,584647
3164,4,499278
2027,5,348296
1691,3,305149
2158,3,365014
5002,2,661089
1594,4,310462
4216,6,603752
2951,5,455359
5979,1,747734
1870,2,302278
5799,1,801266
2195,3,338544
1373,5,306724
2859,1,402743
349,1,102413
2002,3,324952
1482,6,308901
493,3,152896
3802,1,494870
2806,1,393693
1375,1,233772
341,1,98741
4419,3,594940
2349,3,360876
2713,1,390615
2906,3,445153
2675,1,372555
5700,3,781866
2800,4,445824
302,6,172660
2185,6,395781
2576,3,413057
5467,4,817864
922,4,215378
5001,2,667456
3433,5,513183
5980,3,782902
4570,5,638649
962,6,251101
5016,4,743563
2566,3,384555
708,1,146054
3098,6,520619
5604,3,821283
3435,6,540125
4206,5,605747
3642,5,543792
1731,2,273980
572,4,184037
1582,2,270810
1718,1,284010
2287,3,391727
3130,3,439577
2738,1,382838
3898,6,632076
2860,5,495218
4485,4,631480
4930,3,720082
5184,3,753636
5826,2,823311
3673,6,616632
438,4,159034
1852,2,292281
5634,6,866126
2270,1,357418
3574,4,540297
3800,4,582005
1274,3,253126
1120,2,215193
1578,3,270797
4750,5,725418
4095,4,627559
3980,1,504990
5776,1,712788
4156,5,605736
2844,4,470207
1961,4,337263
3623,3,545750
2199,2,351511
3907,6,638876
2457,6,453346
2177,3,334828
1853,4,325342
408,2,127336
3040,1,450101
3102,4,467476
3335,2,480326
1309,3,253318
5922,2,729928
4961,5,744128
1229,1,209105
1732,5,335983
5099,5,753413
1885,4,355389
1471,1,256167
2550,4,401620
710,3,184257
3312,6,560188
3815,3,520491
2100,4,347241
4298,3,646087
2862,5,469337
2463,6,447293
2475,2,375781
5696,4,817490
5830,2,740872
4819,6,749004
5777,5,826077
3229,1,478423
3488,3,526040
2502,1,337594
5164,5,752200
3671,2,533040
4023,1,512926
2567,2,415831
2731,1,380415
357,1,114915
1598,6,342219
5650,4,731530
5712,4,850480
2974,6,514114
5039,6,731676
652,1,134452
972,5,251139
3127,6,509391
1066,6,272022
3443,5,551694
1772,1,258670
2528,6,436071
5708,1,769101
4907,3,725834
456,3,141734
2581,6,462675
4366,3,584946
3968,2,569790
2326,6,426152
5734,6,844088
475,4,168208
2802,5,434129
344,2,119189
1779,3,318519
1938,4,334539
902,4,207894
5413,6,740423
572,1,136630
3405,3,488682
5413,6,754367
3723,2,548684
5993,3,797180
4899,1,673617
739,2,172159
1705,3,306208
5135,6,801031
2651,5,428277
687,2,158826
1242,4,254538
2465,3,408499
2702,4,421703
3898,6,584194
449,6,190764
1366,3,252593
1243,1,215458
2708,4,435839
345,2,116767
5344,3,702769
5572,3,795280
3175,4,476718
723,5,202470
2595,5,461006
1375,5,279311
5842,6,811801
1043,1,196299
2562,1,358264
714,3,183170
2847,4,445198
2790,1,421539
2884,3,443833
1119,5,269953
5276,3,754875
5262,6,793575
5975,4,882062
2232,1,311995
2653,4,436486
3358,2,464728
4423,6,695065
3175,6,534897
3276,1,436297
2794,2,384826
3500,3,520824
1290,1,220957
3018,4,472402
5229,4,709101
2282,4,383382
2657,6,453355
5588,4,794326
2991,2,422434
5051,6,750739
361,5,164431
5897,3,786132
1521,5,292064
4578,5,677621
5580,5,766265
5221,5,761792
4361,6,647254
4211,1,601978
442,4,166363
2814,2,402885
5703,5,782195
5801,6,872640
5155,1,733886
4100,1,549031
5989,2,805217
5332,1,736046
3974,5,630686
1192,2,225979
2418,2,371608
946,2,186236
5477,3,729919
3894,6,630576
5566,3,733061
727,4,194212
5054,6,758719
1212,4,251996
2790,6,483776
441,2,125888
5512,5,804261
2638,4,444351
4780,1,595719
5521,6,755715
5342,6,792353
622,6,216999
3075,5,525568
5288,1,693602
2796,4,434185
5427,5,753084
2843,1,387910
3063,3,448437
1876,4,319169
2340,1,356925
5100,1,711308
5479,6,756217
1194,3,239467
1888,2,323225
3577,3,543085
2079,5,397646
2237,4,358250
2657,4,420793
1381,5,278045
1879,5,342550
2991,5,454090
3358,6,559066
5200,6,789776
5436,1,686310
382,3,147030
3659,2,492147
5164,2,709795
4525,1,609901
4594,1,658574
3178,3,501378
1480,5,293743
5729,4,842337
5596,6,783108
5937,5,875585
365,4,148744
3964,1,540974
2275,3,367733
2198,3,379813
2500,5,403448
5998,1,773673
575,2,149093
4912,1,690174
2536,3,409581
4987,1,690079
4844,5,730480
2873,6,476393
4265,2,620368
869,5,222913
5014,3,698300
4052,2,585097
1844,4,342773
849,4,205038
2279,6,395581
3567,1,524057
2499,6,457272
3367,6,519177
2729,1,372507
431,2,138730
4588,3,688558
5016,2,679992
1546,5,316822
2309,4,401759
304,3,125757
1366,1,225785
4498,1,627145
5432,6,807269
3883,1,549315
5091,3,755831
1072,4,230807
3836,3,522393
1785,4,332339
5779,5,813335
2063,1,295648
1318,2,223520
5140,3,746780
1679,5,333858
5411,2,691044
4620,3,636927
3488,3,493535
4118,6,590773
1476,1,252439
1170,3,231115
408,3,144844
1892,4,331074
5480,4,740933
1896,1,286250
383,5,173005
5227,6,764828
5278,5,764244
3195,6,520729
1043,6,254570
2272,6,414557
3635,4,518426
3008,6,519541
3923,4,571056
5513,3,768593
4226,1,539874
4937,5,716628
4527,6,649827
2461,3,400385
3011,3,458765
2607,1,356842
1827,1,282401
5546,6,799729
2176,1,328238
4478,3,647584
5829,4,805829
1027,4,222386
2910,5,474668
4861,6,694156
3073,5,508028
601,1,137109
1039,4,236149
2900,5,476285
1377,6,302815
3329,3,474798
3172,2,452025
5467,4,763628
3559,3,507705
2522,1,354532
2416,3,361515
5298,3,759392
806,5,222511
5955,2,750308
4282,5,597322
478,5,190013
4060,5,634978
3452,3,541042
3931,4,575770
1620,6,326037
2808,3,404758
2665,6,486336
1819,6,366549
2566,2,377139
3368,1,435752
4212,5,598677
4353,5,680413
5594,3,758290
5616,5,789453
3666,3,567758
3711,2,488050
2618,1,370173
3099,4,457723
3296,6,559408
3209,1,480390
4622,6,681503
2819,4,468330
918,5,230284
3604,1,514228
3332,6,522254
3163,3,508395
1543,1,263286
327,4,144622
920,3,207080
2195,5,405054
1578,2,283850
2644,3,409879
4934,4,675009
2696,5,424917
3220,5,508846
5976,6,817644
1949,4,345622
1014,1,173829
733,4,193204
719,3,171527
1527,3,261449
3720,5,575719
1776,1,291229
3392,6,576452
3965,1,576102
2852,1,422834
628,6,221398
1840,3,304600
2665,1,396187
4324,2,600472
4605,6,645229
3470,5,552472
3972,2,517418
4859,3,670657
484,1,115693
2383,4,417969
2537,6,442128
1470,3,272971
972,3,215913
3879,6,590203
1464,5,290746
3637,5,548729
859,6,239036
5159,4,767279
887,6,254123
942,4,216706
2801,3,438903
2551,2,408465
3320,2,506795
1663,1,254052
5082,2,722685
1688,6,343110
2940,5,455646
4733,6,699675
3710,1,486805
3886,4,605568
1516,4,291489
3949,2,556151
5130,4,689230
2716,4,442331
4108,1,520989
482,2,141039
4131,1,525306
1109,6,278921
2621,1,386568
2464,2,393950
2195,6,410948
3725,6,553074
5718,3,784436
2015,2,306262
3531,4,554843
4745,6,664406
1992,3,317626
5351,6,786086
1198,2,211974
5902,5,842827
526,1,132358
4889,2,636497
2572,6,471229
1905,5,355759
1159,5,273490
550,1,125959
3997,1,575309
1860,3,331084
4715,3,652325
780,3,190085
5195,2,701702
4913,4,679131
650,1,140951
3488,2,495795
3170,4,516067
3008,6,512164
524,1,129427
4051,5,649098
729,1,149349
3668,3,505572
1510,5,299823
4739,1,649372
309,5,162894
2095,1,339322
5927,6,878470
3725,4,581714
2343,6,436716
5768,6,821935
5741,1,810439
3413,5,503731
2618,6,426282
5287,3,750731
5363,3,749151
2093,3,344900
3287,4,514577
610,1,141918
1174,3,232611
2211,4,366073
3107,4,481380
4115,1,571409
4879,2,617606
2580,3,399308
2544,4,394790
467,3,153119
4370,1,569562
1029,3,217109
2477,1,385761
793,4,204878
4228,3,572946
3931,6,624053
4704,4,653794
1925,5,337867
868,3,197121
5795,5,809110
3055,3,470244
3089,4,483334
3811,6,619096
1006,4,237259
740,3,184491
797,4,198243
3246,4,497234
5237,1,698484
4466,1,592013
5438,3,789270
4851,1,636162
5279,3,700376
2690,2,383273
388,4,160813
478,2,137964
2277,1,346265
781,4,192410
3863,4,609810
5315,3,746868
2452,5,440619
4540,4,655351
5147,3,672922
5984,6,836789
855,4,218941
5610,6,807668
1005,4,240662
772,1,158939
1806,4,333125
4472,3,624963
2989,2,407744
4958,5,669951
556,3,166993
5348,2,673279
4671,1,607425
2200,6,416821
1605,3,290833
5851,4,821696
977,2,184791
4943,4,693183
1174,5,274701
2306,3,365442
2516,2,353952
1126,6,283410
4733,6,756925
2191,4,358236
4364,2,624450
1983,6,366865
1825,1,281642
1729,4,300482
751,6,224295
859,2,187540
4391,3,620596
3932,5,599747
3013,4,495050
2304,3,394421
1251,4,266581
1184,2,209108
2981,1,432857
2385,4,391664
5356,6,770406
5332,4,785561
1554,1,265023
4077,5,573429
1450,1,224490
962,5,229041
1160,6,289229
2614,1,381395
2567,4,418676
5256,1,748806
5990,4,889788
2038,6,381074
569,6,211462
1001,4,233231
1969,2,315638
5164,6,810195
5063,2,657816
3064,6,533048
2807,1,422550
1345,6,313847
4011,5,591196
4094,4,573383
4293,1,588475
5817,5,843528
3199,4,508811
5706,5,783733
3652,6,589282
4536,3,644818
3504,2,529226
2721,4,445919
871,3,207967
4352,6,707428
5691,2,761856
4046,4,615331
4381,2,623004
2016,6,368261
3227,3,461124
464,2,140124
4740,3,665907
1195,1,215241
2467,3,395656
1436,6,316183
3377,4,481759
2668,3,412156
5815,4,816997
3205,1,443149
3375,5,553949
4500,2,628389
1593,5,302294
4235,1,590593
677,3,179993
3150,3,446617
4493,1,567431
2637,3,420815
1163,6,282176
4345,6,640711
915,1,171512
2211,2,369317
2160,4,355056
811,4,213102
3530,2,519037
5283,3,678356
872,1,179158
5945,3,808442
2375,6,424626
3287,3,484128
4982,1,638216
1917,4,327962
2095,5,368752
305,1,95444
5918,1,816470
5271,1,714608
2685,5,421067
1143,6,262877
2698,6,437413
787,1,153436
4078,4,590135
3149,1,415217
4575,5,711001
947,3,217941
955,4,227047
4037,1,557481
3253,4,517673
807,2,179895
4612,6,718278
2927,3,425228
482,5,190044
4305,4,623724
1728,2,295078
1850,2,292727
2836,2,439538
4653,5,727884
1790,4,309497
3238,4,502067
1451,1,242215
5213,1,711348
2518,5,445764
3875,4,551650
1119,5,257484
3026,5,493632
3178,4,477482
2008,2,317722
4166,2,567930
5716,4,787214
2465,3,383755
5203,2,669721
1486,5,299561
830,6,233217
4630,1,633403
4110,3,612349
3942,4,544342
1525,1,263999
2190,3,349586
5414,3,763029
3733,1,490919
3011,3,481085
1595,6,328991
5100,6,734295
2730,3,452079
5760,3,743247
3509,1,493689
2592,4,422678
5381,6,793168
2382,5,410407
307,4,144946
5913,3,809231
2958,5,481497
661,3,170366
4666,2,668204
3648,2,489450
1662,2,270333
894,4,213266
1152,2,228078
2811,3,456655
3169,2,446765
1937,4,342233
946,6,259010
4477,5,662873
2252,3,382259
5149,5,704689
3792,3,577849
2477,6,460337
939,2,192591
1616,3,306784
1523,3,291295
599,6,211974
1447,4,283122
3406,1,448745
651,1,148062
482,1,124487
3374,5,532081
3875,5,581207
3271,4,504449
5249,5,769336
4886,2,684527
640,4,181481
1453,4,284588
3130,5,470343
4971,1,712210
2293,2,346238
3728,4,521990
3133,4,481343
3842,4,558669
2407,2,389448
2897,6,479559
5784,2,746615
5476,2,720791
3130,3,453961
684,1,151180
2493,4,397181
4092,3,597090
5466,3,799572
2116,6,373644
2609,3,417556
956,1,167405
3712,1,527153
1905,2,329181
5728,6,871080
3332,4,498395
5179,1,712181
1736,2,292312
2160,1,326554
4991,4,691611
2690,6,470905
4864,5,708108
4288,3,653973
639,2,152025
3333,5,560605
3326,5,547146
1761,6,336714
1934,6,364600
5655,3,719946
656,4,192171
5066,3,696711
404,3,148114
1339,4,266641
4402,4,634307
5731,1,734811
574,2,144437
1878,6,343587
4424,1,606410
3467,1,492370
526,4,169748
3824,6,567716
1158,5,266866
3291,3,474809
4206,6,613662
5318,6,817032
1724,1,277047
3667,1,486734
5645,5,781555
664,3,170267
983,2,196799
3509,5,536325
3938,5,581476
3767,4,556265
5353,6,823036
5513,5,797072
374,6,189705
5850,5,872949
2928,4,478044
2996,3,447202
2134,6,373017
3880,3,595353
4771,4,685264
4031,5,618366
685,2,168965
4098,5,655284
5343,4,775218
5199,2,744835
4723,2,626413
3512,6,535618
2054,4,335383
5275,3,717957
2506,6,421278
2917,1,388509
2628,4,398655
854,2,186311
2392,3,394270
2145,4,383959
308,5,160145
1355,6,315293
5079,6,722123
1687,6,342000
2536,6,416254
4886,1,700663
4041,5,644284
3762,6,616646
4680,6,653996
497,3,161971
5532,6,839370
1616,1,270422
2552,5,413628
3079,1,422792
4051,4,554715
2969,5,467304
3902,6,644286
2180,6,422189
5370,5,751766
3951,1,576875
2200,5,395513
2339,1,328235
2584,3,419723
3309,4,496813
1887,3,314407
1058,5,246989
581,1,129054
2703,4,411079
4738,4,655233
3695,2,562606
1672,5,318322
5673,3,796241
1120,1,199754
3706,5,555967
5147,1,634466
440,4,170459
475,5,182881
4540,3,666380
1879,5,357912
2073,1,316923
4789,1,687563
1011,5,234374
991,3,201773
2320,4,397235
2597,4,408445
1502,4,289792
1066,2,214601
1628,1,256056
3127,5,491552
988,5,234407
5556,3,707641
966,3,206823
1679,6,336408
548,4,178832
5439,4,801662
1818,3,304846
1102,6,265991
2028,3,337322
1670,2,293242
3635,5,587339
3617,2,492227
5524,1,683261
3084,4,497001
4088,5,630534
1198,3,243011
3581,1,519643
772,2,167412
4913,3,693305
5063,2,707139
5615,5,819945
850,5,234535
3691,4,549669
3480,5,564815
5751,2,821848
5365,6,828869
3973,6,635946
4132,5,583396
5289,4,748366
5856,5,795311
3827,4,587458
3491,4,559928
5411,6,789116
3109,4,504228
2111,6,390588
5268,2,685295
464,1,119499
1905,3,335131
3164,5,481776
4921,1,653214
4354,3,594843
1471,3,274253
3208,6,538589
1914,2,289016
563,2,153683
5033,1,715166
2470,1,355541
4657,4,640532
4154,2,581960
5444,3,764976
3259,3,468108
5621,4,824289
2307,4,385697
1598,1,238343
3087,1,467648
3792,4,568114
4993,3,712432
3711,4,521959
919,2,200016
637,2,163617
3152,2,480465
2522,1,377227
4488,4,617019
1942,2,297175
1602,3,278863
4579,5,656243
787,6,231279
4054,3,620213
2904,4,447337
4321,2,568954
2673,2,423930
4964,1,643807
5911,4,838707
4532,2,644624
4377,5,651433
5410,1,760992
3387,6,552606
4220,4,622780
490,5,177640
3286,6,544756
1965,4,361304
1914,4,342443
742,1,144243
1248,3,235285
2083,1,308804
3314,4,524499
1198,6,290538
3551,5,520245
1228,3,255463
3307,3,525230
3729,4,534225
644,2,153915
4844,5,680829
2000,5,350915
4165,5,629539
1453,6,332282
1867,3,314001
5755,1,702944
2352,4,376960
3051,6,506483
4120,5,651829
747,5,215441
4609,2,585923
1699,5,331413
712,2,171054
2435,1,370871
3029,5,466820
4090,3,550200
2594,2,385856
1600,1,239852
2726,1,409861
4310,2,633333
5085,6,795267
4961,3,736065
5223,6,750535
1230,6,300332
3692,6,582188
439,3,141232
4007,3,539181
3377,1,474011
2706,5,452116
2396,6,411321
2686,6,441070
780,1,149723
1787,6,346951
2370,6,435124
5349,2,712234
3182,2,455669
5169,2,710792
2774,3,439007
2748,3,435707
3738,3,576558
1722,6,341210
3969,5,589747
611,5,202984
4069,2,607043
5701,6,857452
4028,1,558518
3426,3,497273
3282,3,523647
4150,4,646030
3450,6,577915
600,6,202960
4594,6,719890
5522,4,743211
4802,2,617900
1699,5,308740
705,1,142120
1415,1,244633
677,3,179883
4945,6,748474
1777,6,373102
4990,5,705594
1986,5,378289
2814,5,452911
1445,1,224463
2295,3,354392
1672,3,313721
2987,1,415449
1231,2,220495
5614,2,796935
1213,6,275393
2282,4,375026
330,1,105283
3471,4,511853
1173,4,236646
735,6,231010
5910,2,786651
5007,4,736888
5441,2,712251
4311,4,597099
1353,5,290092
1228,2,214064
1472,1,224899
5011,1,677680
3749,3,545955
4409,1,631256
5762,2,781734
5732,1,751360
4667,6,660312
4575,6,701462
1365,3,268018
3895,1,491944
3815,5,561610
857,3,189652
3099,2,440501
1688,4,315951
4558,1,603872
5251,2,698747
4104,4,590359
506,1,118681
1671,2,288876
5493,2,686425
5547,3,763725
3418,1,456432
549,4,185137
328,1,97557
2216,1,321787
4241,4,658961
5845,1,807723
1048,1,194051
5841,1,806276
404,3,139591
4618,2,612281
2514,5,448690
4671,5,669539
2326,5,400240
728,4,192053
2531,1,360387
3009,4,438625
2004,1,316190
1686,2,282705
4744,1,591799
3260,2,502953
2919,4,458686
365,3,143800
1890,3,312659
4332,5,653979
2795,1,391497
5964,4,788577
5799,5,766160
2945,5,451602
851,5,221609
1238,6,280982
4435,5,640595
5562,6,848735
3474,1,474835
1255,2,241827
992,1,186226
5670,5,835233
2395,1,366286
1648,1,255846
1928,6,392802
4767,1,645967
3683,5,544959
5245,6,804036
912,4,208166
5474,4,795831
5378,4,707884
4180,5,584646
1526,3,260262
2603,1,351252
3491,5,560395
851,3,193784
1207,2,225031
4718,5,674485
5139,6,735259
2899,2,440664
4215,4,626798
3619,5,575491
5452,2,739213
2268,1,322627
3024,1,450518
1813,1,270099
5626,4,731288
3202,1,468603
5910,2,767876
3549,6,584193
5747,1,756698
4669,2,600151
2242,5,395076
4974,2,643394
1205,2,223770
4905,4,672333
5780,3,806737
3605,6,596139
5367,6,802296
598,3,171772
508,4,165367
1171,5,268763
334,1,107018
2624,2,406262
5518,6,858813
5084,5,684018
5457,5,823788
5344,1,715906
3104,1,444033
4087,5,644911
2666,1,397267
1659,1,273760
733,5,219142
4470,1,583234
4007,2,595849
5725,4,777269
5060,1,697656
4496,6,677192
3088,3,445722
355,2,117391
1270,4,269235
1465,4,279104
1223,4,256208
5847,5,826123
523,3,164925
5532,1,783016
5063,1,678370
4362,2,580936
3443,5,575090
3628,5,564154
4317,2,623486
2113,3,354739
995,3,223079
3383,4,482689
1259,5,277919
3390,5,549694
1817,2,316889
5314,3,752247
4577,6,658372
672,1,148976
2540,5,430752
598,5,205443
540,4,178888
1341,1,240465
559,3,159007
1045,5,264054
913,6,244000
5039,6,769939
769,5,209736
1801,3,305122
5212,1,666501
2258,3,347486
3731,1,521384
678,2,162296
2167,2,340661
4826,3,710806
1775,3,287337
994,3,210024
5096,5,705015
468,5,185430
5674,2,729959
3980,3,600113
2667,6,483088
5768,1,728838
4041,5,632104
1311,1,225918
5545,2,759728
5878,1,819603
2188,3,370038
3411,2,522946
3678,6,606183
3134,5,531432
5466,6,810046
807,4,204081
5925,2,814591
636,6,214515
5984,2,801400
322,4,143490
1304,4,282116
1172,5,262005
4750,2,619056
2113,5,366004
2445,1,373487
1830,2,281996
5220,5,792699
5023,1,677792
1488,1,227136
4737,4,661318
2000,4,330495
318,5,167162
5708,3,837193
1012,6,248808
4427,1,610937
5275,5,730150
665,2,162218
5541,3,758288
4093,6,643005
3496,5,562026
1347,4,280440
4102,6,648941
4399,4,662690
5426,1,728601
4364,4,645438
5711,5,837286
5889,2,756684
2001,3,324447
4366,6,660594
4265,4,618405
1596,6,327401
5251,4,786317
2227,4,367099
1885,3,336334
4954,1,707278
3746,5,537431
1978,1,303347
4201,5,608194
2050,3,352393
2050,6,406788
1775,1,273187
1065,4,234145
5675,5,794322
3859,2,509949
3923,2,512594
1222,1,227253
459,3,152921
1783,6,355635
1465,5,283300
376,5,167142
1406,3,269138
4702,6,719489
4740,1,656078
1623,1,269264
2637,2,397903
1464,6,323168
5647,4,841410
1047,1,184640
3490,1,457228
4947,4,656458
2485,3,386829
520,1,126403
4146,3,598316
5549,3,718171
2808,2,408009
1007,1,192893
2929,3,461891
5098,2,730810
3058,6,476714
2176,4,395693
2661,4,416718
1940,5,351352
4235,5,617093
2454,1,332521
4788,4,660118
1045,2,214240
3962,6,607562
1465,1,252723
5514,1,716027
813,6,238540
3895,4,611707
1934,3,346430
1826,1,293364
5794,3,775122
1863,3,302762
2050,3,364198
1490,1,242290
870,1,175328
4984,2,630397
1290,4,268991
4648,1,665604
2012,2,323731
2846,1,392260
4421,1,601187
477,5,180219
2367,4,414620
2260,4,361419
4653,3,608234
3917,2,543789
1436,3,264928
385,5,172395
2335,6,422876
529,4,171207
1938,3,319805
2464,2,351685
2857,1,382793
667,3,164804
5073,4,767807
5923,1,829616
569,1,131183
800,2,177012
2547,2,371417
4244,1,544034
1765,2,286202
3213,5,526907
2034,3,340789
4312,2,595359
4593,6,697053
1401,5,284360
3667,6,545292
1225,3,228876
2849,5,467424
5040,6,761252
2274,2,373126
3397,4,486510
3226,1,480968
5246,6,750175
5042,6,769574
5048,5,725644
5772,6,803862
5122,2,744330
4998,5,725738
1480,1,227886
4171,5,604008
4365,3,610933
351,1,111675
3055,3,446876
3190,1,437131
454,2,131995
4196,3,621952
4773,2,667694
4543,3,602312
5008,3,691883
2240,1,342923
829,2,172315
2605,3,431014
848,1,172996
5938,3,854502
5332,2,708195
1347,1,235687
5414,1,735772
1098,6,263691
3448,3,543259
4996,2,688032
2197,4,398528
5075,2,683446
2957,6,483658
2193,6,390197
4739,6,744766
5790,2,759220
1813,4,335647
1977,6,388767
886,4,226290
4104,6,665659
1825,3,303102
1697,5,331575
4610,1,621474
1348,2,246257
5128,5,773869
3716,1,479839
940,3,205826
4104,2,556908
4405,5,610380
4521,3,636708
3957,6,638596
5566,6,826592
4424,1,613973
3950,3,590636
5671,2,713476
5620,1,777924
3916,5,582078
5270,4,705950
3138,4,466122
4872,4,686509
301,5,166880
2533,2,370987
5459,3,745031
1644,6,343513
4061,1,539011
324,4,144355
1484,3,279367
5791,5,822038
4785,3,622379
771,2,176879
1355,2,254642
3107,1,465092
2075,2,329340
2801,2,394935
3118,4,516066
659,5,201322
5983,5,867868
5601,5,769452
3631,1,492396
2985,4,448086
5669,6,867783
584,3,167900
3533,4,547907
3568,3,536427
963,2,201050
4457,5,703637
4940,2,696512
4295,3,615378
3776,3,552793
4772,5,685794
2719,2,433670
5352,2,735398
1821,3,330658
4028,3,558018
4572,4,660839
841,5,227186
1221,1,202082
4802,2,610123
4922,4,746114
4670,6,697375
2164,6,396823
623,5,207170
4054,1,570016
3163,2,431966
2729,3,415200
2350,2,365634
4319,5,629951
4864,6,689484
5584,1,680521
2634,4,455059
697,6,225277
2703,1,412920
5646,5,784043
5730,6,782440
5531,2,793178
5798,5,856862
3371,4,508602
1622,1,276427
2646,4,419186
5271,4,701137
815,2,175244
5675,5,820630
5264,3,690553
2939,5,473698
4070,3,626130
1967,6,364782
1961,2,309490
3359,4,518043
1987,6,374775
1132,5,274856
3942,6,625267
5502,5,825342
1917,2,309405
5243,4,719723
3430,5,541910
335,6,185393
3779,3,524851
5033,4,709820
5523,3,754177
4684,6,745720
2666,3,388559
1652,2,281989
1202,4,248630
2566,6,461598
1569,1,255956
3655,6,601422
4527,3,666866
3580,3,500968
1306,4,265144
5182,5,725946
2162,2,337962
738,2,178933
2264,2,353129
5363,3,689060
1933,1,289909
4379,3,630532
1888,4,337807
417,4,152830
2661,1,394667
311,4,151204
3476,1,447507
5507,1,730372
3465,4,537723
2972,5,487412
4393,3,583520
1977,4,352096
3665,3,571733
2408,1,345648
3082,6,499973
4732,1,667336
2337,3,386487
316,1,107765
1780,4,332648
1522,5,326067
5746,2,723465
5388,1,751667
3154,5,536700
5527,6,766525
2593,6,479472
4006,3,558374
4135,6,608171
2911,1,434553
3997,1,560868
3244,3,460420
3384,3,485160
2273,2,376139
3278,6,524620
3384,5,529240
3783,2,536426
4546,6,641505
4933,1,659011
4078,2,577484
2415,6,417536
1304,5,277998
4121,4,644952
3461,1,472611
3146,2,434851
1362,1,221939
5660,3,723389
3886,3,578363
4613,3,666948
2079,3,339335
5340,3,740298
3481,4,522808
909,4,211128
641,1,146693
2297,1,355069
1784,4,303767
936,3,205340
3411,1,472789
2809,4,431426
5018,1,650302
2082,2,340387
3608,1,492591
5710,6,773057
1393,5,297612
3856,6,580502
1425,6,314755
5634,4,798477
5092,5,773138
3972,4,561374
984,2,199405
5294,2,732851
1683,3,311606
1863,6,362202
5808,3,848710
5370,3,730123
4077,1,525828
4668,5,696984
2762,5,473301
5142,1,640100
5983,5,835076
3923,3,607293
2362,3,363855
4529,2,611127
1106,2,218651
5072,2,710323
4075,5,640394
772,6,231514
5155,2,670669
5874,5,781311
1263,6,279960
1106,5,245838
5491,1,727738
4431,6,696242
3637,4,572458
5644,3,743557
4039,1,517042
337,2,118681
1390,5,288875
3666,5,551975
4174,6,642237
4729,4,658651
2021,2,299846
5484,5,779345
4252,2,623527
712,6,227926
2628,6,449999
3265,4,470163
4832,1,610894
5061,3,715861
3853,3,575844
5099,3,712585
1374,2,237485
3674,6,608276
2934,4,459281
5170,2,742179
768,5,227888
4914,4,658871
4213,2,552662
3634,5,562927
974,3,201295
1096,2,201454
3072,5,461934
2919,3,428764
1908,2,292385
5870,1,715853
4017,2,594379
2593,6,455499
2909,1,387092
2629,5,460924
4190,1,581394
884,2,180424
402,6,194420
2995,5,478574
1739,2,279379
1673,5,318909
3886,2,580583
414,6,195175
1743,5,353707
311,1,99544
4368,2,612090
358,6,178736
4690,6,727644
2836,4,433798
3792,6,584279
3358,1,496041
4991,4,713599
4665,4,708952
1809,6,352341
2873,5,478023
3853,1,517263
4452,3,611722
3311,6,568431
4435,3,648653
5913,1,808092
5553,1,692668
1279,2,222412
1249,4,246370
2893,2,438070
2492,5,437821
5318,4,743478
4649,6,714905
3011,3,480552
3295,2,448786
3550,5,513970
5201,4,712753
3065,6,516802
2041,2,306244
4862,1,632996
2411,1,329621
2488,6,448988
4766,1,667945
3005,4,486470
397,5,178983
1548,4,287802
3058,6,488766
516,4,168829
2927,1,434187
847,1,177390
601,6,211561
5881,5,862693
2305,3,394408
686,4,183663
546,4,184524
2599,1,366847
1193,5,260898
1897,6,374158
5213,4,785628
5397,5,822052
3581,3,496732
4417,4,656095
2341,6,405279
3001,4,456742
1466,3,262806
5480,1,679821
2481,2,396403
1195,2,233983
2760,4,414732
4622,1,643463
2860,3,421085
5075,2,729673
2036,1,292842
3626,5,591888
443,3,146813
4377,3,665257
3055,4,504642
4391,1,627253
5597,3,784333
4063,2,532347
3840,6,562755
4002,2,562772
820,4,203219
3578,6,542530
2642,5,468809
3060,6,498303
2554,5,404224
1710,3,292236
4811,5,661335
343,4,148094
5666,3,744054
3768,6,570022
4490,5,666596
1477,3,280002
1241,3,242224
5945,3,794364
4439,2,658788
2990,1,429072
5830,2,743656
1370,2,245439
879,3,190121
1777,6,346247
2198,2,364066
393,1,117328
2550,5,425426
4660,4,700453
3584,3,517038
5386,2,703944
1492,1,256742
1171,5,269406
3761,3,581170
5787,4,812765
2771,6,466094
1636,4,310299
5722,3,743061
3063,6,527973
5646,2,700086
1353,1,219601
1093,5,251485
537,5,182051
4563,1,596484
488,2,135103
2120,3,329346
4328,2,617984
5337,6,757962
3210,4,518054
3374,1,482547
1606,4,316402
3598,2,523913
5466,6,825084
3856,5,595867
4333,6,626409
3573,1,499680
3966,3,534785
4468,5,618601
1711,3,311194
2290,3,360850
5414,1,683454
388,4,157132
1749,4,338608
4869,1,608290
3676,2,525845
3195,6,497194
5538,2,739259
1123,5,248065
5756,5,762565
1758,5,342205
5086,1,714536
4874,1,662647
5771,1,786273
2129,1,320751
1370,6,300657
3726,6,591694
4986,1,643857
5283,6,738218
1779,2,291122
1165,1,195184
320,1,97686
5854,4,770112
1804,5,339475
5195,3,703534
4881,2,695752
1235,3,234330
2548,6,442417
2879,6,460969
1844,6,347860
5980,2,758840
697,2,160567
3942,4,609748
4179,2,608896
1009,3,215608
5293,3,741778
900,5,235102
4362,3,581155
4817,3,716200
4669,1,587536
4332,2,611605
5507,5,776735
2823,5,455696
3900,6,580381
5603,4,801029
1110,4,249923
3493,4,497069
4265,4,589602
4488,3,665471
5601,4,747937
4017,6,649910
5314,6,731643
903,4,223155
3233,6,504066
5603,5,846521
2512,3,369516
1349,2,233925
602,3,157776
1872,5,335989
3499,6,553469
3932,5,555486
1034,2,191418
842,4,222667
3356,5,493514
847,5,233710
3600,4,527316
5405,6,779005
334,5,161724
4267,5,654768
970,1,169098
729,3,189180
5473,4,799055
5527,6,830985
4584,3,605481
434,4,166632
4586,4,650034
818,6,227906
3535,3,505384
5222,3,734354
378,6,184622
4460,2,635369
4788,1,667585
4890,3,635319
1067,1,202889
5279,1,748282
1764,4,341616
4489,5,657439
1212,2,222397
3306,3,494680
2401,6,451669
2904,5,455820
1776,1,279429
1053,6,262690
3173,2,442697
5138,5,743567
5287,6,797459
3822,2,549415
4775,4,645250
5451,1,708612
2274,4,376801
2022,3,359220
2330,4,389755
2031,2,343896
5617,5,743371
4212,6,658894
4714,1,676096
4321,2,580451
4417,1,622876
4549,4,653151
4600,4,634733
4900,3,710798
634,5,196067
1128,4,247692
3746,3,530385
2966,3,447714
2348,1,361591
971,1,183813
4751,4,646450
2355,5,404992
3284,6,501114
1976,1,298950
3377,2,516353
1178,5,276474
3587,6,535138
5778,3,778290
5868,6,856080
4340,6,642380
4638,5,721797
4931,4,651549
4274,6,688365
1623,3,289929
4354,2,582104
3753,5,615140
1623,2,279295
3574,4,545216
5555,5,798640
2937,1,399998
5140,3,682607
2580,2,393540
5431,3,786380
5555,3,807605
4019,6,653241
4849,2,693502
829,4,201493
2300,1,342556
2986,1,455583
3641,6,595544
601,6,219836
2889,3,455973
314,3,126402
4769,6,672660
4250,6,668265
4321,5,608145
2920,2,447510
4478,4,636681
2542,3,418125
623,3,179503
600,3,167872
2196,3,342070
5368,6,774060
527,4,178142
601,5,191667
4455,1,614072
2950,5,494334
2584,2,408848
3789,4,588695
1204,1,200459
564,6,209336
4297,5,598932
4021,5,580582
2350,6,445387
3068,5,496428
5747,1,767545
5856,5,831731
1074,2,206211
852,4,206765
4151,3,597921
2784,3,456415
3653,5,544493
2160,1,319838
5163,1,723296
2973,6,484771
4839,5,717086
5360,5,771216
3823,3,517410
1556,2,264372
4526,4,646781
604,2,152081
5586,6,813290
5505,6,760362
759,6,229752
3799,3,523353
4539,4,614178
3359,3,495952
930,2,186040
701,2,163278
5911,1,729739
3994,5,572220
5600,1,727168
2986,1,392956
4670,2,677360
4456,4,689451
1237,1,197785
1402,5,302171
2211,5,366183
365,2,120078
1370,4,272230
1619,6,338553
3999,1,558342
5491,1,746644
4240,6,631480
3269,4,507361
4575,2,623384
4088,5,628285
3402,2,515173
2609,1,381199
1368,6,304891
4365,2,558237
729,4,192424
4783,5,671468
4096,5,613467
2411,4,382268
1069,6,259597
4638,6,743607
5290,3,737623
4028,2,557310
953,5,230417
3761,6,622482
3654,5,562258
4264,1,586749
4261,1,558393
2573,5,447903
2956,1,435056
4684,4,701982
2011,3,323935
2870,3,469865
3536,6,531227
2938,1,404272
3975,2,590464
2060,2,328256
850,1,164068
1784,3,288550
1979,1,292819
2213,6,424714
2768,2,398911
3204,1,422968
4727,5,650195
3103,3,435393
820,6,227030
4141,2,620266
949,6,251442
2442,4,386809
2018,5,368542
720,6,224478
2996,3,475570
897,4,223632
4931,3,649067
4665,2,636173
1422,3,249299
1414,4,276249
4819,1,626628
3031,2,411447
863,6,253981
5374,6,757358
5369,1,673064
2532,4,430292
3782,2,563781
739,4,189805
3449,2,485094
976,2,191730
5711,3,789255
4107,5,578619
2828,1,391486
1426,5,279369
5034,4,742666
3669,5,593959
3179,2,480059
4425,3,596589
945,4,231279
1485,4,299170
3840,4,548748
3699,2,561225
4059,3,556154
635,3,166156
2672,3,390203
2980,1,418541
2388,4,392915
1281,1,205578
3263,2,454873
1502,4,289304
4378,1,588137
1309,1,227664
4659,3,607056
4550,3,597365
2768,6,479233
2490,4,405174
2325,6,426376
2832,3,453193
4958,4,749650
342,3,139683
5093,5,739673
2496,6,460232
3322,2,468201
3817,5,607960
3349,5,504904
1515,6,310354
5645,4,829343
4668,2,645983
1085,4,246203
783,1,152287
2045,2,315114
1074,4,232844
4628,4,640530
1120,2,211400
4721,4,632449
535,2,136525
3498,4,501361
3233,3,465815
3478,6,570877
1185,5,265038
764,3,197235
1043,6,255003
5813,2,736340
516,2,135190
4552,4,623629
1689,6,338610
5117,4,710482
4424,4,620184
2007,2,332067
542,4,174353
5250,2,741605
5941,1,825512
2732,2,417671
322,3,129053
5158,5,792230
1871,4,318904
2476,3,410324
2961,1,409324
1920,4,333651
327,6,181908
391,3,142013
5410,1,685677
397,5,169210
3141,3,468796
3611,1,505692
3755,1,479423
3713,6,588392
5402,2,766164
5940,2,781756
3465,6,543013
5760,6,804786
3664,5,566298
2147,5,381592
2353,1,331106
1694,1,281747
2998,6,480746
1600,1,252281
880,2,180094
2635,2,382264
1864,3,329046
3673,4,573210
604,1,132926
3437,1,475194
5397,6,822135
773,3,176476
5729,1,800163
3882,4,559350
5625,1,699630
1228,6,282768
5215,6,767957
4092,1,514678
3721,5,582014
733,4,200782
2443,1,331101
5861,6,823450
1254,3,235976
2069,2,332030
2293,4,403824
1420,1,224492
2906,3,414313
930,4,231110
4326,2,589161
2282,2,348966
2335,2,349582
941,6,250536
5158,5,762343
1495,4,295751
1642,3,289256
4541,5,640698
3032,2,472156
2043,3,360205
4132,6,628397
4643,3,621441
5878,2,806503
2961,6,508323
5427,3,799415
2993,1,394150
347,3,142119
4761,6,746247
590,6,205711
5835,6,882203
1753,5,317234
474,2,131850
2659,5,472176
2811,2,402821
1198,4,260196
2647,6,474791
4171,2,567149
1356,4,274817
2281,4,362918
1464,3,263065
4717,6,680953
1595,2,287942
3993,6,658107
3808,3,582194
2880,4,426895
2506,1,383116
2706,6,491584
1173,5,280856
1917,1,288356
5929,2,766468
5040,3,672965
2408,5,407021
5083,4,738842
4009,1,522025
2640,4,440889
1413,5,303430
4191,5,642760
4861,1,632868
2652,6,435705
4037,1,513373
992,2,187660
3859,3,548039
4033,6,609217
397,1,112488
4980,6,707645
2351,3,392711
2357,3,359627
904,5,224961
4442,4,610714
5569,5,820626
4518,5,631116
908,6,239883
5113,6,799712
4992,4,706226
5415,2,741418
5440,6,776029
3992,5,572790
2871,4,439463
4873,2,655501
2361,4,389364
2438,6,441776
3334,6,557784
4819,1,626656
4796,1,684256
452,3,141041
869,2,191928
5800,5,854808
5472,5,823454
4604,3,629831
4548,3,605542
2584,2,414412
4614,1,622126
2444,4,403238
4125,5,650663
5602,6,760174
4935,5,666496
4855,1,676293
3003,1,446373
1566,5,306733
2758,5,463246
3053,5,516158
850,3,185817
3296,4,514717
5161,4,742014
1089,5,251378
4307,2,568552
2396,1,344788
3523,5,542281
4324,2,637121
4027,2,542156
945,6,259903
4594,6,695026
1613,1,252308
5082,6,764400
897,4,219034
1952,4,334469
3196,4,491186
733,3,192429
5154,4,769033
824,6,228205
3549,4,500737
3532,3,488793
754,5,206229
1458,4,293437
3366,4,522193
3797,3,586194
2227,4,368503
2406,4,388142
2840,1,386144
4757,6,694469
1628,5,331985
5224,6,744293
5991,4,886171
4538,5,638466
785,1,149480
2914,6,463227
5949,3,867766
4010,5,641433
4999,4,686172
5792,1,756618
1579,6,322694
4423,6,646463
1969,2,326963
1943,3,324003
2161,4,374755
4002,6,631231
3516,2,489347
2348,2,378727
5805,2,833700
4802,2,651490
5421,2,697688
1797,3,330326
1556,2,273514
4624,5,710424
3239,4,488620
2047,6,400211
1510,4,294261
2256,3,356407
4940,6,748402
2513,4,432664
3202,5,500915
1609,1,246212
4641,5,708481
5700,1,711027
5768,1,814265
1432,2,241444
1106,2,202510
2509,2,384271
4721,4,635833
3522,2,488658
3755,6,560043
3079,1,455472
5901,6,884838
3637,1,523615
1040,1,195282
2410,1,338399
1784,6,368834
5033,1,690779
1742,5,330063
2147,5,391188
4203,5,651725
2033,2,322507
4732,3,628686
2785,3,405873
5867,5,797123
5526,1,738334
4539,1,571301
2259,1,349683
812,2,176696
2159,3,348162
5238,4,721565
4457,4,606830
2695,3,397296
4110,5,577301
2326,5,401598
5395,5,782757
2257,4,393083
2404,6,446509
1892,1,287242
557,4,179232
4059,1,536874
1775,2,297706
4926,2,626035
2943,5,499180
3393,1,507626
1637,6,317888
5869,3,857264
5457,4,809145
5216,4,738736
4908,6,707691
331,1,97823
2626,5,432045
4138,5,582407
5466,6,803799
3938,5,576655
1091,6,275298
3141,4,458564
1268,6,292375
860,1,173675
502,3,161916
2111,6,416239
2107,5,384087
5886,6,807968
2090,5,365049
2827,1,422683
4549,3,614159
2904,1,417811
5724,3,743097
5185,2,752474
1067,4,237377
5685,3,792633
3053,5,498676
2026,3,320936
2153,5,391665
4821,2,633809
2841,4,420978
3700,5,541357
5701,2,732188
524,1,119539
5783,1,786113
4529,1,575644
3027,5,474075
5856,3,803231
4098,3,570058
1583,6,317481
3991,5,592982
5996,5,831758
5042,2,670672
4040,3,600346
1278,1,212075
4785,2,686957
2762,4,470559
4920,5,737612
4911,1,651597
5488,6,834675
1479,2,274277
1581,2,285855
2438,2,356546
2171,3,331398
4132,4,602608
2153,1,345138
2120,6,380871
3941,4,620159
1655,5,339821
668,3,170983
4902,3,702470
5985,4,819802
1587,5,328689
792,1,151743
692,5,213500
376,4,150441
1277,2,221604
5992,2,747148
1391,2,230310
2885,2,415986
2517,3,378524
3480,4,551928
604,1,132425
843,5,223773
5497,4,728875
1216,1,212632
3376,1,456028
686,4,185782
5211,6,722787
2275,3,388708
2122,3,364030
4567,6,684094
1077,4,250476
4493,3,680144
1594,5,300699
3276,4,493836
4408,1,584855
3060,6,522612
1957,1,318886
3906,5,605911
1477,3,283285
1188,4,247069
2487,1,374089
3986,2,578309
1952,6,385806
428,6,188307
4130,6,666055
5886,3,827759
2326,6,412472
606,4,175276
1963,5,350653
562,6,208881
2816,4,469782
691,4,192931
4714,2,648269
5308,1,717029
418,3,145840
5706,6,853101
2870,3,467925
2297,3,368105
4010,6,646422
4191,4,609155
5472,3,791897
2325,6,439594
3714,3,502473
1875,1,268687
2758,3,405174
5430,1,676957
3377,3,470861
4222,3,604555
764,1,151062
5227,6,811451
2297,2,342652
2960,1,393411
2429,5,439082
5231,1,639539
4678,3,647169
3560,1,483721
342,3,139174
415,4,158429
2182,5,393241
1281,6,298827
5429,6,789837
1219,4,241867
453,1,111952
2550,3,425739
4846,1,623541
1243,1,206380
4317,2,590216
5784,1,744867
4918,1,661424
2648,4,398557
916,2,200808
3358,5,502691
2724,2,423639
1626,6,324786
1331,4,261683
491,6,203914
4405,6,654864
5349,4,760697
1995,3,313245
3772,1,510482
2271,2,376833
1344,3,244603
5052,4,740545
1016,1,187752
1272,5,265090
1265,1,216941
3158,1,448087
2098,4,346937
1755,1,276140
1458,1,244442
2738,5,425207
2248,3,377381
1276,2,243236
4351,3,612465
2378,6,398871
2058,1,325255
5564,5,817412
1716,2,270941
4510,3,621916
5714,5,781457
2591,1,369306
5947,4,861800
4534,2,645264
4979,4,663717
838,2,169180
5486,2,791436
3494,1,450757
2596,2,392083
2267,4,369328
4523,3,651840
761,2,166739
3432,1,454776
5030,2,642100
4192,5,666534
2560,4,389119
3767,4,588050
2327,6,411420
882,3,197786
3855,4,578363
4160,3,598423
3065,2,476197
3740,4,594598
1665,4,308424
3399,3,486684
1668,2,279992
4586,6,680491
4430,2,577613
3292,2,486951
688,1,141971
679,3,172352
4447,1,641481
2326,3,362703
3042,5,498952
912,2,186805
838,2,182224
1325,3,256468
4749,5,729566
5431,1,685455
1089,1,185204
5946,1,734357
5309,5,788152
3652,2,541113
1609,1,243291
5610,4,832598
1713,4,318008
402,2,132739
1775,1,256977
3116,2,447393
731,5,210109
3030,1,396657
2165,3,332630
4233,5,618063
5416,1,761000
784,6,226499
1180,5,253187
4695,5,734748
3281,4,520445
5869,3,859005
4931,6,725574
1841,4,327210
5881,5,867237
3176,2,449119
2318,6,395559
5579,6,817356
422,5,175354
3323,5,557605
3175,3,469198
3055,1,451122
5064,5,694390
5139,2,687466
3830,3,559480
969,6,246057
367,3,145841
2528,4,432758
2832,2,394952
3891,3,546439
821,5,227125
768,3,176751
2569,3,418875
4417,3,663104
2571,3,427986
3719,6,572252
2160,4,348502
4889,4,673590
1306,4,262022
4788,5,746545
5584,4,722830
4249,3,588003
3583,4,511526
5938,2,825184
924,6,250452
4369,6,669416
2655,5,451933
2812,2,435473
1689,6,343634
5526,3,799219
4794,5,651991
5505,4,824982
2388,5,415334
2415,6,415075
3971,3,604527
2716,1,398015
1123,1,209431
4640,6,674777
2745,6,462035
1414,3,278745
2505,6,431037
1337,1,212921
5510,3,748745
4625,4,673258
4172,1,553961
3103,2,459150
5327,2,755817
1621,3,287247
5769,1,725480
3562,4,529371
5451,5,765058
3506,1,490528
1503,6,324103
838,2,191219
2701,4,412416
3955,2,512852
1197,3,248969
1183,4,256718
2019,6,388454
2235,4,370529
5478,3,710888
3111,1,450639
1238,6,299431
3069,5,460105
5667,5,771240
2631,4,404066
2153,5,380738
2106,5,373429
1795,6,362196
1422,2,261487
605,5,199771
1664,5,329494
4632,3,677091
3725,4,549529
5564,1,785291
4898,6,728378
5452,1,691531
5300,4,788988
3918,4,569590
4020,2,600299
398,4,164588
5963,3,805141
3402,3,519689
5435,1,760958
2762,1,396497
2565,4,433517
4618,3,623682
532,1,123824
1394,2,233252
3873,5,586885
1414,6,326119
2376,1,365126
5779,5,820225
5524,4,727650
4152,2,591440
635,2,153051
783,1,170262
1243,2,243679
5121,3,706914
5681,2,813960
4947,1,666308
2618,4,416687
5713,1,778755
4168,3,590313
546,2,143657
2650,6,430307
3057,4,461095
2237,2,325367
2687,4,436817
3992,6,595442
4690,2,640114
2328,6,411165
3267,6,546472
1692,5,315930
710,5,203298
2938,1,402705
706,6,222070
309,2,120004
4448,1,571760
5238,6,761810
5268,6,770075
5148,5,713408
3710,3,522931
5198,5,763632
3925,2,553104
4073,4,590533
465,1,116539
5508,1,753413
5901,4,841815
366,3,143643
5517,6,850796
3971,2,556943
5908,3,810478
2294,2,339369
1373,2,243875
3829,3,551282
1827,6,360659
4816,4,699791
1864,3,317331
699,5,205626
1159,4,244413
680,6,220811
4886,6,724861
1426,5,309867
1623,1,269950
1182,5,264304
3384,5,506783
4858,4,726671
2855,6,463449
5162,4,693933
1358,1,222660
4442,5,614704
709,5,215895
957,4,227590
5655,1,738090
3949,2,594211
2793,3,451384
3960,6,620184
5091,1,688655
5092,6,801627
3354,1,451871
415,5,168131
3002,4,438772
4552,4,628309
1485,5,289795
890,5,229613
4531,3,624682
5839,5,779677
5812,3,796512
3453,6,524310
4712,4,711799
1709,6,341620
2940,3,463250
1593,4,284127
2831,4,476662
3760,2,491904
531,5,190868
2644,1,399646
2051,2,319905
1550,6,343961
364,2,119429
923,1,165628
4127,4,570014
5052,1,686986
2402,1,327233
1373,6,305567
1586,4,302474
5949,4,780960
5168,1,693020
5047,1,650592
4545,2,645399
657,1,137512
4415,4,660435
4467,1,583275
1363,2,247274
3916,1,533263
3810,2,519241
535,6,204612
1609,3,296962
5366,2,747967
5832,5,876161
5309,1,658828
5921,3,761864
4396,3,668644
1202,4,256814
504,6,192824
3447,1,461424
972,4,232087
2150,3,347677
3120,3,477085
925,4,211572
4248,3,584325
2576,5,431016
4519,1,581511
998,4,225818
1866,4,337753
5425,3,754392
2988,2,441635
2065,6,399250
680,2,155902
2972,2,425990
1731,2,278704
1444,6,330401
5520,1,751484
878,4,211171
1601,3,304855
3749,4,570425
3887,3,563701
2448,1,362466
5144,6,777586
2101,2,352285
4599,1,584527
4878,6,714924
3860,4,564160
4847,6,721527
4987,3,684535
1427,1,247284
671,2,169347
3829,1,555278
3219,3,497835
5796,3,734884
657,4,188932
3590,4,572959
4919,5,759095
3334,2,499079
2010,2,315793
436,5,182602
2422,5,422125
4984,2,658584
5599,3,820224
2063,2,308405
1706,5,349142
2813,4,441387
857,5,227470
2708,2,378373
2504,3,375380
1597,4,308031
2397,6,438659
5372,2,739832
2781,5,429631
2190,5,397236
3575,3,553583
